isoelectric_point,protein_format,molecular_weight_da,product_conc_mg_ml,ph,kcl_conc,succinate_conc,fructose_conc,ps80_conc,mannitol_conc,citrate_conc,llysine_conc,ps50_conc,tm_c
5.9124,KNOB_HOLE,272510.88,172.8,5.0,0.0,0.0,0.0,0.0,270.0,15.0,0.0,0.4,151.160795784872
6.3024,IGG3,384763.02,518.4,7.0,0.0,0.0,0.0,0.0,0.0,15.0,135.0,0.4,163.060811206184
5.7642,NANO_MB,241517.52,414.72,6.5,0.0,0.0,135.0,0.4,0.0,15.0,67.5,0.0,160.065706665848
5.545800000000001,DOPPELMAB,524743.11,518.4,7.0,0.0,0.0,135.0,0.0,0.0,15.0,67.5,0.4,149.202
5.545800000000001,DOPPELMAB,524743.11,518.4,5.5,135.0,15.0,0.0,0.0,0.0,0.0,0.0,0.4,146.8688
5.545800000000001,DOPPELMAB,524743.11,345.6,5.0,0.0,15.0,0.0,0.0,270.0,0.0,0.0,0.4,148.178666665848
5.545800000000001,DOPPELMAB,524743.11,518.4,5.0,0.0,0.0,135.0,0.0,135.0,15.0,0.0,0.4,147.8512
6.232200000000001,IGG4,455066.79,345.6,4.5,0.0,15.0,0.0,0.0,0.0,0.0,135.0,0.4,142.59980820895998
6.411600000000001,IGG4,404683.89,172.8,4.5,0.0,15.0,0.0,0.0,0.0,0.0,135.0,0.4,158.1664
6.232200000000001,IGG4,455066.79,345.6,5.0,0.0,15.0,270.0,0.0,0.0,0.0,0.0,0.4,164.59654535616
6.232200000000001,IGG4,455066.79,345.6,5.0,135.0,0.0,0.0,0.0,0.0,15.0,0.0,0.4,149.925000858392
6.162000000000001,IGG3,391603.56,518.4,5.0,0.0,0.0,135.0,0.0,0.0,15.0,67.5,0.4,148.293800836552
5.982600000000001,IGG3,386626.68,172.8,7.0,0.0,0.0,0.0,0.0,0.0,15.0,135.0,0.4,166.00198664064
6.3024,IGG3,384763.02,345.6,5.0,135.0,0.0,0.0,0.0,0.0,15.0,0.0,0.4,154.69993121840798
6.411600000000001,IGG4,404683.89,34.56,7.0,0.0,0.0,135.0,0.0,135.0,15.0,0.0,0.4,173.98304000000002
5.545800000000001,DOPPELMAB,524743.11,518.4,5.0,0.0,0.0,270.0,0.0,0.0,15.0,0.0,0.4,148.8336
6.232200000000001,IGG4,455066.79,518.4,7.0,0.0,0.0,135.0,0.0,0.0,15.0,67.5,0.4,161.57935269632
6.232200000000001,IGG4,455066.79,345.6,7.0,0.0,0.0,0.0,0.0,270.0,15.0,0.0,0.4,168.86881449008803
6.232200000000001,IGG4,455066.79,518.4,5.5,67.5,15.0,0.0,0.0,0.0,0.0,67.5,0.4,155.4842421872
5.545800000000001,DOPPELMAB,524743.11,518.4,4.5,0.0,15.0,0.0,0.0,135.0,0.0,67.5,0.4,145.067733334152
6.232200000000001,IGG4,455066.79,172.8,5.0,67.5,15.0,0.0,0.0,0.0,0.0,67.5,0.4,153.580909793512
5.982600000000001,IGG3,386626.68,345.6,4.5,0.0,15.0,0.0,0.0,135.0,0.0,67.5,0.4,149.23915235408
5.7642,NANO_MB,241517.52,172.8,5.5,0.0,15.0,0.0,0.4,0.0,0.0,135.0,0.0,156.897466665848
5.982600000000001,IGG3,386626.68,345.6,5.0,0.0,15.0,0.0,0.0,270.0,0.0,0.0,0.4,162.51270040824
6.232200000000001,IGG4,455066.79,518.4,5.5,0.0,15.0,0.0,0.0,135.0,0.0,67.5,0.4,157.483050215352
5.8422,IGG3,388669.23,172.8,5.0,0.0,15.0,0.0,0.0,135.0,0.0,67.5,0.4,162.80824
6.411600000000001,IGG4,404683.89,172.8,7.0,0.0,0.0,0.0,0.0,270.0,15.0,0.0,0.4,172.48488
5.982600000000001,IGG3,386626.68,345.6,4.5,135.0,15.0,0.0,0.0,0.0,0.0,0.0,0.4,149.49189238816
6.6534,DOPPELMAB,530229.96,172.8,4.5,0.0,15.0,0.0,0.0,270.0,0.0,0.0,0.4,131.314133334152
5.545800000000001,DOPPELMAB,524743.11,172.8,5.0,0.0,0.0,0.0,0.0,135.0,15.0,67.5,0.4,146.705066665848
5.499,IGG3,389595.72,172.8,6.0,0.0,0.0,135.0,0.0,135.0,15.0,0.0,0.4,172.704311351928
6.411600000000001,IGG4,404683.89,34.56,7.0,0.0,0.0,270.0,0.0,0.0,15.0,0.0,0.4,173.29536000000002
5.499,IGG3,389595.72,518.4,5.0,135.0,0.0,0.0,0.0,0.0,15.0,0.0,0.4,161.15846048552
5.7642,NANO_MB,241517.52,293.76,5.5,135.0,0.0,0.0,0.4,0.0,15.0,0.0,0.0,153.97482666584798
,IGG3,386148.75,172.8,6.0,0.0,0.0,0.0,0.0,135.0,15.0,67.5,0.4,164.707546665848
6.6534,DOPPELMAB,530229.96,103.68,5.0,0.0,15.0,0.0,0.0,270.0,0.0,0.0,0.4,131.8872
5.8422,IGG3,388669.23,172.8,7.0,0.0,0.0,135.0,0.0,135.0,15.0,0.0,0.4,181.285546665848
5.7642,NANO_MB,241517.52,172.8,6.5,135.0,0.0,0.0,0.4,0.0,15.0,0.0,0.0,161.563866665848
6.3024,IGG3,384763.02,345.6,5.0,67.5,0.0,0.0,0.0,0.0,15.0,67.5,0.4,154.423741554208
,IGG3,386148.75,172.8,5.0,0.0,15.0,135.0,0.0,0.0,0.0,67.5,0.4,156.76648
5.772,KNOB_HOLE,421360.71,34.56,6.0,0.0,0.0,135.0,0.4,135.0,15.0,0.0,0.0,156.52087999999998
6.3024,IGG3,384763.02,345.6,6.0,0.0,0.0,135.0,0.0,135.0,15.0,0.0,0.4,171.11945108405598
5.7642,NANO_MB,241517.52,414.72,4.5,0.0,15.0,0.0,0.4,135.0,0.0,67.5,0.0,153.835653334152
6.411600000000001,IGG4,404683.89,103.68,4.5,0.0,15.0,0.0,0.0,135.0,0.0,67.5,0.4,160.6224
5.772,KNOB_HOLE,421360.71,172.8,5.5,0.0,15.0,0.0,0.4,0.0,0.0,135.0,0.0,148.75992
,IGG3,386148.75,345.6,5.0,0.0,15.0,135.0,0.0,135.0,0.0,0.0,0.4,161.2364
6.411600000000001,IGG4,404683.89,34.56,5.0,0.0,0.0,0.0,0.0,0.0,15.0,135.0,0.4,159.05056000000002
5.9124,KNOB_HOLE,272510.88,103.68,6.0,0.0,0.0,135.0,0.0,0.0,15.0,67.5,0.4,149.6225309332
5.7642,NANO_MB,241517.52,293.76,6.0,0.0,0.0,135.0,0.4,0.0,15.0,67.5,0.0,159.71368
6.411600000000001,IGG4,404683.89,34.56,5.5,0.0,15.0,135.0,0.0,0.0,0.0,67.5,0.4,169.382133334152
6.162000000000001,IGG3,391603.56,172.8,7.0,0.0,0.0,135.0,0.0,135.0,15.0,0.0,0.4,167.678621852
6.162000000000001,IGG3,391603.56,172.8,6.0,0.0,0.0,135.0,0.0,0.0,15.0,67.5,0.4,160.38907877199998
5.499,IGG3,389595.72,345.6,5.5,0.0,15.0,0.0,0.0,270.0,0.0,0.0,0.4,170.7675501212
5.8422,IGG3,388669.23,518.4,4.5,0.0,15.0,0.0,0.0,0.0,0.0,135.0,0.4,163.119333334152
5.982600000000001,IGG3,386626.68,345.6,4.5,67.5,15.0,0.0,0.0,0.0,0.0,67.5,0.4,147.53885223192
5.7642,NANO_MB,241517.52,414.72,5.0,0.0,15.0,0.0,0.4,0.0,0.0,135.0,0.0,152.49304
5.545800000000001,DOPPELMAB,524743.11,172.8,4.5,0.0,15.0,135.0,0.0,135.0,0.0,0.0,0.4,147.8512
6.162000000000001,IGG3,391603.56,172.8,4.5,135.0,15.0,0.0,0.0,0.0,0.0,0.0,0.4,140.801896569832
6.232200000000001,IGG4,455066.79,172.8,4.5,67.5,15.0,0.0,0.0,0.0,0.0,67.5,0.4,140.59466940363998
6.3024,IGG3,384763.02,172.8,7.0,135.0,0.0,0.0,0.0,0.0,15.0,0.0,0.4,171.48102790099202
5.9124,KNOB_HOLE,272510.88,34.56,5.0,0.0,0.0,0.0,0.0,270.0,15.0,0.0,0.4,147.051207422088
5.545800000000001,DOPPELMAB,524743.11,172.8,5.5,67.5,15.0,0.0,0.0,0.0,0.0,67.5,0.4,147.4828
5.545800000000001,DOPPELMAB,524743.11,172.8,4.5,135.0,15.0,0.0,0.0,0.0,0.0,0.0,0.4,143.266666665848
5.772,KNOB_HOLE,421360.71,34.56,5.0,0.0,0.0,0.0,0.4,0.0,15.0,135.0,0.0,146.3776
5.7642,NANO_MB,241517.52,293.76,5.5,67.5,0.0,0.0,0.4,0.0,15.0,67.5,0.0,154.097626665848
5.8422,IGG3,388669.23,518.4,5.5,0.0,15.0,270.0,0.0,0.0,0.0,0.0,0.4,183.332213334152
6.3024,IGG3,384763.02,518.4,6.0,135.0,0.0,0.0,0.0,0.0,15.0,0.0,0.4,163.67490017969598
6.411600000000001,IGG4,404683.89,172.8,5.5,0.0,15.0,0.0,0.0,270.0,0.0,0.0,0.4,171.55978666584798
6.162000000000001,IGG3,391603.56,172.8,4.5,0.0,15.0,135.0,0.0,0.0,0.0,67.5,0.4,144.20305622464
5.982600000000001,IGG3,386626.68,172.8,4.5,0.0,15.0,0.0,0.0,270.0,0.0,0.0,0.4,156.05048062536
5.9124,KNOB_HOLE,272510.88,103.68,5.0,0.0,15.0,135.0,0.0,135.0,0.0,0.0,0.4,152.38019514303198
5.7642,NANO_MB,241517.52,414.72,4.5,135.0,15.0,0.0,0.4,0.0,0.0,0.0,0.0,151.60888
5.9124,KNOB_HOLE,272510.88,172.8,4.5,0.0,15.0,270.0,0.0,0.0,0.0,0.0,0.4,151.212871531752
5.772,KNOB_HOLE,421360.71,172.8,7.0,67.5,0.0,0.0,0.4,0.0,15.0,67.5,0.0,152.255626665848
5.7642,NANO_MB,241517.52,172.8,5.5,0.0,15.0,135.0,0.4,0.0,0.0,67.5,0.0,160.393173334152
5.772,KNOB_HOLE,421360.71,34.56,7.0,0.0,0.0,135.0,0.4,135.0,15.0,0.0,0.0,155.947813334152
5.545800000000001,DOPPELMAB,524743.11,172.8,5.0,0.0,0.0,0.0,0.0,0.0,15.0,135.0,0.4,144.6584
5.499,IGG3,389595.72,172.8,7.0,0.0,0.0,0.0,0.0,135.0,15.0,67.5,0.4,172.208897194856
5.772,KNOB_HOLE,421360.71,172.8,5.0,0.0,0.0,135.0,0.4,135.0,15.0,0.0,0.0,151.838106665848
6.232200000000001,IGG4,455066.79,345.6,5.0,0.0,0.0,0.0,0.0,135.0,15.0,67.5,0.4,152.043070696808
6.3024,IGG3,384763.02,518.4,5.5,0.0,15.0,0.0,0.0,0.0,0.0,135.0,0.4,159.433439571496
6.3024,IGG3,384763.02,345.6,5.0,0.0,0.0,0.0,0.0,0.0,15.0,135.0,0.4,153.77693056080798
6.162000000000001,IGG3,391603.56,518.4,4.5,0.0,15.0,270.0,0.0,0.0,0.0,0.0,0.4,151.210064569352
6.162000000000001,IGG3,391603.56,518.4,4.5,0.0,15.0,135.0,0.0,135.0,0.0,0.0,0.4,150.603934084552
6.6534,DOPPELMAB,530229.96,172.8,7.0,67.5,0.0,0.0,0.0,0.0,15.0,67.5,0.4,133.6064
5.499,IGG3,389595.72,172.8,5.5,0.0,15.0,270.0,0.0,0.0,0.0,0.0,0.4,172.955655896632
6.162000000000001,IGG3,391603.56,172.8,5.5,67.5,15.0,0.0,0.0,0.0,0.0,67.5,0.4,152.9686997828
5.772,KNOB_HOLE,421360.71,34.56,5.0,67.5,15.0,0.0,0.4,0.0,0.0,67.5,0.0,149.69320000000002
6.3024,IGG3,384763.02,518.4,5.0,0.0,0.0,0.0,0.0,0.0,15.0,135.0,0.4,153.957194295224
6.411600000000001,IGG4,404683.89,34.56,5.0,0.0,15.0,135.0,0.0,0.0,0.0,67.5,0.4,166.66416
5.8422,IGG3,388669.23,345.6,4.5,135.0,15.0,0.0,0.0,0.0,0.0,0.0,0.4,160.31130666584798
5.772,KNOB_HOLE,421360.71,34.56,7.0,0.0,0.0,135.0,0.4,0.0,15.0,67.5,0.0,155.16189333415198
5.9124,KNOB_HOLE,272510.88,172.8,4.5,0.0,15.0,135.0,0.0,0.0,0.0,67.5,0.4,142.472354474552
6.232200000000001,IGG4,455066.79,172.8,7.0,0.0,0.0,135.0,0.0,0.0,15.0,67.5,0.4,168.21085983631198
5.772,KNOB_HOLE,421360.71,34.56,4.5,0.0,15.0,0.0,0.4,270.0,0.0,0.0,0.0,152.41936
6.6534,DOPPELMAB,530229.96,34.56,7.0,67.5,0.0,0.0,0.0,0.0,15.0,67.5,0.4,135.734933334152
5.772,KNOB_HOLE,421360.71,34.56,6.0,0.0,0.0,135.0,0.4,0.0,15.0,67.5,0.0,153.97482666584798
5.545800000000001,DOPPELMAB,524743.11,172.8,6.0,0.0,0.0,135.0,0.0,135.0,15.0,0.0,0.4,150.634666665848
5.8422,IGG3,388669.23,518.4,5.0,67.5,0.0,0.0,0.0,0.0,15.0,67.5,0.4,169.73416
6.6534,DOPPELMAB,530229.96,34.56,5.5,0.0,15.0,0.0,0.0,135.0,0.0,67.5,0.4,134.8344
5.9124,KNOB_HOLE,272510.88,172.8,4.5,67.5,15.0,0.0,0.0,0.0,0.0,67.5,0.4,137.95369543208
5.8422,IGG3,388669.23,518.4,5.5,0.0,15.0,135.0,0.0,0.0,0.0,67.5,0.4,175.96421333415202
5.499,IGG3,389595.72,518.4,5.0,0.0,0.0,0.0,0.0,135.0,15.0,67.5,0.4,162.540996418952
6.6534,DOPPELMAB,530229.96,172.8,7.0,0.0,0.0,0.0,0.0,270.0,15.0,0.0,0.4,140.89253333415198
5.499,IGG3,389595.72,345.6,4.5,0.0,15.0,270.0,0.0,0.0,0.0,0.0,0.4,165.056607802568
5.8422,IGG3,388669.23,172.8,7.0,0.0,0.0,270.0,0.0,0.0,15.0,0.0,0.4,181.457466665848
6.162000000000001,IGG3,391603.56,172.8,4.5,0.0,15.0,0.0,0.0,135.0,0.0,67.5,0.4,143.647804930888
6.162000000000001,IGG3,391603.56,172.8,4.5,0.0,15.0,270.0,0.0,0.0,0.0,0.0,0.4,153.11123941616
6.411600000000001,IGG4,404683.89,34.56,5.0,0.0,0.0,0.0,0.0,135.0,15.0,67.5,0.4,160.786133334152
5.9124,KNOB_HOLE,272510.88,34.56,5.5,0.0,15.0,135.0,0.0,135.0,0.0,0.0,0.4,152.896683656488
6.232200000000001,IGG4,455066.79,518.4,5.0,67.5,0.0,0.0,0.0,0.0,15.0,67.5,0.4,148.42323339472
6.3024,IGG3,384763.02,345.6,4.5,0.0,15.0,270.0,0.0,0.0,0.0,0.0,0.4,159.17628357328
5.499,IGG3,389595.72,172.8,5.0,0.0,0.0,0.0,0.0,135.0,15.0,67.5,0.4,157.82936346384
5.8422,IGG3,388669.23,172.8,5.0,0.0,0.0,135.0,0.0,135.0,15.0,0.0,0.4,167.17991999999998
6.162000000000001,IGG3,391603.56,172.8,5.0,0.0,0.0,135.0,0.0,135.0,15.0,0.0,0.4,154.575688785048
6.6534,DOPPELMAB,530229.96,103.68,5.0,0.0,0.0,0.0,0.0,135.0,15.0,67.5,0.4,132.95146666584802
5.9124,KNOB_HOLE,272510.88,34.56,7.0,0.0,0.0,0.0,0.0,135.0,15.0,67.5,0.4,150.86798783736
6.411600000000001,IGG4,404683.89,172.8,7.0,67.5,0.0,0.0,0.0,0.0,15.0,67.5,0.4,167.59743999999998
5.545800000000001,DOPPELMAB,524743.11,345.6,6.0,0.0,0.0,270.0,0.0,0.0,15.0,0.0,0.4,150.3072
6.6534,DOPPELMAB,530229.96,172.8,7.0,0.0,0.0,135.0,0.0,135.0,15.0,0.0,0.4,133.36079999999998
5.772,KNOB_HOLE,421360.71,34.56,5.0,0.0,0.0,270.0,0.4,0.0,15.0,0.0,0.0,154.31047999999998
5.772,KNOB_HOLE,421360.71,34.56,5.5,0.0,15.0,0.0,0.4,135.0,0.0,67.5,0.0,153.62279999999998
6.232200000000001,IGG4,455066.79,518.4,4.5,135.0,15.0,0.0,0.0,0.0,0.0,0.0,0.4,142.31158730072
6.411600000000001,IGG4,404683.89,172.8,4.5,0.0,15.0,135.0,0.0,0.0,0.0,67.5,0.4,161.735786665848
5.9124,KNOB_HOLE,272510.88,103.68,4.5,67.5,15.0,0.0,0.0,0.0,0.0,67.5,0.4,135.735163805192
,IGG3,386148.75,518.4,5.0,0.0,0.0,270.0,0.0,0.0,15.0,0.0,0.4,158.69853333415202
5.499,IGG3,389595.72,518.4,4.5,135.0,15.0,0.0,0.0,0.0,0.0,0.0,0.4,157.97729396808
6.411600000000001,IGG4,404683.89,34.56,4.5,0.0,15.0,0.0,0.0,135.0,0.0,67.5,0.4,160.728826665848
6.162000000000001,IGG3,391603.56,172.8,5.0,0.0,0.0,135.0,0.0,0.0,15.0,67.5,0.4,147.8288793808
6.411600000000001,IGG4,404683.89,103.68,5.0,0.0,15.0,270.0,0.0,0.0,0.0,0.0,0.4,172.550373334152
6.232200000000001,IGG4,455066.79,345.6,4.5,67.5,15.0,0.0,0.0,0.0,0.0,67.5,0.4,142.77273976168
6.162000000000001,IGG3,391603.56,345.6,5.0,0.0,15.0,270.0,0.0,0.0,0.0,0.0,0.4,158.869094183752
6.411600000000001,IGG4,404683.89,34.56,6.0,0.0,0.0,0.0,0.0,135.0,15.0,67.5,0.4,167.85941333415198
5.982600000000001,IGG3,386626.68,172.8,5.0,0.0,15.0,135.0,0.0,0.0,0.0,67.5,0.4,158.01837518536
5.772,KNOB_HOLE,421360.71,172.8,5.0,0.0,0.0,0.0,0.4,135.0,15.0,67.5,0.0,147.31088
6.162000000000001,IGG3,391603.56,345.6,6.0,0.0,0.0,0.0,0.0,270.0,15.0,0.0,0.4,162.430774904
6.232200000000001,IGG4,455066.79,345.6,5.0,67.5,0.0,0.0,0.0,0.0,15.0,67.5,0.4,147.73504905512
5.499,IGG3,389595.72,172.8,5.0,67.5,0.0,0.0,0.0,0.0,15.0,67.5,0.4,154.491818742808
5.982600000000001,IGG3,386626.68,172.8,5.0,0.0,0.0,0.0,0.0,270.0,15.0,0.0,0.4,158.70600532856
6.232200000000001,IGG4,455066.79,518.4,7.0,135.0,0.0,0.0,0.0,0.0,15.0,0.0,0.4,157.89311589431998
5.8422,IGG3,388669.23,172.8,7.0,0.0,0.0,135.0,0.0,0.0,15.0,67.5,0.4,176.987546665848
,IGG3,386148.75,518.4,4.5,0.0,15.0,0.0,0.0,270.0,0.0,0.0,0.4,157.396853334152
6.162000000000001,IGG3,391603.56,518.4,5.5,0.0,15.0,0.0,0.0,135.0,0.0,67.5,0.4,151.52013096640002
6.3024,IGG3,384763.02,172.8,7.0,0.0,0.0,135.0,0.0,0.0,15.0,67.5,0.4,173.033088026072
5.545800000000001,DOPPELMAB,524743.11,172.8,7.0,67.5,0.0,0.0,0.0,0.0,15.0,67.5,0.4,149.816
6.232200000000001,IGG4,455066.79,172.8,6.0,0.0,0.0,135.0,0.0,135.0,15.0,0.0,0.4,170.708362174088
5.8422,IGG3,388669.23,345.6,5.0,0.0,15.0,270.0,0.0,0.0,0.0,0.0,0.4,181.9896
5.545800000000001,DOPPELMAB,524743.11,518.4,5.0,0.0,0.0,0.0,0.0,135.0,15.0,67.5,0.4,146.2548
5.7642,NANO_MB,241517.52,172.8,4.5,135.0,15.0,0.0,0.4,0.0,0.0,0.0,0.0,145.55074666584798
5.7642,NANO_MB,241517.52,172.8,5.0,0.0,15.0,135.0,0.4,0.0,0.0,67.5,0.0,155.44024
6.232200000000001,IGG4,455066.79,518.4,7.0,0.0,0.0,0.0,0.0,135.0,15.0,67.5,0.4,155.12954460416
5.7642,NANO_MB,241517.52,293.76,4.5,0.0,15.0,0.0,0.4,0.0,0.0,135.0,0.0,149.259306665848
,IGG3,386148.75,172.8,5.5,0.0,15.0,0.0,0.0,135.0,0.0,67.5,0.4,163.847946665848
6.411600000000001,IGG4,404683.89,34.56,7.0,0.0,0.0,0.0,0.0,270.0,15.0,0.0,0.4,172.62405333415202
5.7642,NANO_MB,241517.52,172.8,5.5,0.0,15.0,0.0,0.4,270.0,0.0,0.0,0.0,165.14144
6.411600000000001,IGG4,404683.89,34.56,5.0,0.0,0.0,135.0,0.0,135.0,15.0,0.0,0.4,166.107466665848
6.3024,IGG3,384763.02,345.6,5.0,0.0,0.0,0.0,0.0,135.0,15.0,67.5,0.4,157.21152738832
5.545800000000001,DOPPELMAB,524743.11,172.8,5.5,0.0,15.0,0.0,0.0,135.0,0.0,67.5,0.4,148.669866665848
6.232200000000001,IGG4,455066.79,345.6,6.0,0.0,0.0,135.0,0.0,0.0,15.0,67.5,0.4,154.628854824008
5.772,KNOB_HOLE,421360.71,34.56,7.0,0.0,0.0,0.0,0.4,270.0,15.0,0.0,0.0,155.24376
5.7642,NANO_MB,241517.52,172.8,5.5,0.0,0.0,0.0,0.4,0.0,15.0,135.0,0.0,153.2544
6.6534,DOPPELMAB,530229.96,34.56,5.0,0.0,0.0,0.0,0.0,135.0,15.0,67.5,0.4,132.95146666584802
6.162000000000001,IGG3,391603.56,345.6,4.5,67.5,15.0,0.0,0.0,0.0,0.0,67.5,0.4,142.212254437208
5.9124,KNOB_HOLE,272510.88,34.56,5.0,0.0,0.0,135.0,0.0,0.0,15.0,67.5,0.4,141.90717733047998
6.162000000000001,IGG3,391603.56,518.4,7.0,0.0,0.0,0.0,0.0,270.0,15.0,0.0,0.4,159.968143622952
5.545800000000001,DOPPELMAB,524743.11,345.6,5.0,0.0,0.0,0.0,0.0,135.0,15.0,67.5,0.4,146.295733334152
5.8422,IGG3,388669.23,172.8,5.0,0.0,0.0,135.0,0.0,0.0,15.0,67.5,0.4,163.88888
6.411600000000001,IGG4,404683.89,172.8,4.5,0.0,15.0,0.0,0.0,135.0,0.0,67.5,0.4,161.59661333415198
5.7642,NANO_MB,241517.52,172.8,5.5,0.0,0.0,135.0,0.4,0.0,15.0,67.5,0.0,157.102133334152
5.499,IGG3,389595.72,518.4,6.0,135.0,0.0,0.0,0.0,0.0,15.0,0.0,0.4,164.999444353448
5.8422,IGG3,388669.23,345.6,5.0,135.0,0.0,0.0,0.0,0.0,15.0,0.0,0.4,166.95888
5.8422,IGG3,388669.23,172.8,6.0,0.0,0.0,0.0,0.0,135.0,15.0,67.5,0.4,180.646986665848
6.411600000000001,IGG4,404683.89,172.8,5.5,67.5,15.0,0.0,0.0,0.0,0.0,67.5,0.4,165.64901333415202
5.9124,KNOB_HOLE,272510.88,172.8,5.5,67.5,15.0,0.0,0.0,0.0,0.0,67.5,0.4,145.825410979672
6.232200000000001,IGG4,455066.79,518.4,5.5,0.0,15.0,135.0,0.0,0.0,0.0,67.5,0.4,158.295985011912
5.545800000000001,DOPPELMAB,524743.11,172.8,5.5,0.0,15.0,270.0,0.0,0.0,0.0,0.0,0.4,150.0616
6.232200000000001,IGG4,455066.79,345.6,5.0,0.0,0.0,270.0,0.0,0.0,15.0,0.0,0.4,157.819948002248
,IGG3,386148.75,345.6,6.0,0.0,0.0,270.0,0.0,0.0,15.0,0.0,0.4,169.054666665848
5.772,KNOB_HOLE,421360.71,34.56,4.5,0.0,15.0,270.0,0.4,0.0,0.0,0.0,0.0,153.827466665848
5.982600000000001,IGG3,386626.68,518.4,6.0,0.0,0.0,0.0,0.0,0.0,15.0,135.0,0.4,159.86367302848
5.545800000000001,DOPPELMAB,524743.11,172.8,5.5,0.0,15.0,135.0,0.0,0.0,0.0,67.5,0.4,148.997333334152
5.8422,IGG3,388669.23,518.4,4.5,0.0,15.0,135.0,0.0,0.0,0.0,67.5,0.4,167.171733334152
5.982600000000001,IGG3,386626.68,172.8,5.5,0.0,15.0,0.0,0.0,135.0,0.0,67.5,0.4,163.27343606848
6.411600000000001,IGG4,404683.89,172.8,5.0,135.0,0.0,0.0,0.0,0.0,15.0,0.0,0.4,165.059573334152
5.499,IGG3,389595.72,345.6,5.0,0.0,15.0,135.0,0.0,0.0,0.0,67.5,0.4,163.042044364952
,IGG3,386148.75,518.4,5.5,0.0,15.0,135.0,0.0,135.0,0.0,0.0,0.4,163.880693334152
5.772,KNOB_HOLE,421360.71,172.8,4.5,0.0,15.0,0.0,0.4,135.0,0.0,67.5,0.0,146.54952
5.9124,KNOB_HOLE,272510.88,103.68,5.5,0.0,15.0,0.0,0.0,270.0,0.0,0.0,0.4,153.06134514496802
6.3024,IGG3,384763.02,172.8,5.5,67.5,15.0,0.0,0.0,0.0,0.0,67.5,0.4,163.16026666584798
5.772,KNOB_HOLE,421360.71,172.8,6.0,135.0,0.0,0.0,0.4,0.0,15.0,0.0,0.0,150.28264
5.499,IGG3,389595.72,518.4,5.0,0.0,15.0,0.0,0.0,0.0,0.0,135.0,0.4,158.305773095368
6.6534,DOPPELMAB,530229.96,103.68,5.0,67.5,0.0,0.0,0.0,0.0,15.0,67.5,0.4,132.787733334152
6.3024,IGG3,384763.02,518.4,5.0,0.0,0.0,0.0,0.0,270.0,15.0,0.0,0.4,159.831719181536
6.411600000000001,IGG4,404683.89,103.68,5.0,67.5,0.0,0.0,0.0,0.0,15.0,67.5,0.4,160.94168
,IGG3,386148.75,172.8,5.0,0.0,15.0,135.0,0.0,135.0,0.0,0.0,0.4,165.58352
6.232200000000001,IGG4,455066.79,518.4,5.0,0.0,0.0,0.0,0.0,0.0,15.0,135.0,0.4,148.36806089463198
5.8422,IGG3,388669.23,518.4,7.0,0.0,0.0,0.0,0.0,270.0,15.0,0.0,0.4,179.79557333415198
5.982600000000001,IGG3,386626.68,518.4,6.0,135.0,0.0,0.0,0.0,0.0,15.0,0.0,0.4,161.23108221968
5.982600000000001,IGG3,386626.68,345.6,4.5,0.0,15.0,0.0,0.0,0.0,0.0,135.0,0.4,147.35955028184
6.6534,DOPPELMAB,530229.96,103.68,6.0,0.0,0.0,0.0,0.0,270.0,15.0,0.0,0.4,133.19706666584798
,IGG3,386148.75,518.4,5.5,0.0,15.0,0.0,0.0,270.0,0.0,0.0,0.4,162.65269333415202
6.3024,IGG3,384763.02,518.4,4.5,0.0,15.0,135.0,0.0,0.0,0.0,67.5,0.4,153.274876538968
6.162000000000001,IGG3,391603.56,518.4,5.0,0.0,0.0,0.0,0.0,135.0,15.0,67.5,0.4,147.346143166952
5.7642,NANO_MB,241517.52,293.76,5.5,0.0,0.0,0.0,0.4,0.0,15.0,135.0,0.0,154.326853334152
6.6534,DOPPELMAB,530229.96,172.8,5.0,135.0,0.0,0.0,0.0,0.0,15.0,0.0,0.4,133.36079999999998
5.772,KNOB_HOLE,421360.71,172.8,5.0,135.0,0.0,0.0,0.4,0.0,15.0,0.0,0.0,140.07386666584802
6.162000000000001,IGG3,391603.56,172.8,6.0,0.0,0.0,0.0,0.0,135.0,15.0,67.5,0.4,158.7283114328
6.232200000000001,IGG4,455066.79,518.4,5.0,0.0,0.0,135.0,0.0,135.0,15.0,0.0,0.4,156.257910585928
5.982600000000001,IGG3,386626.68,518.4,5.0,135.0,15.0,0.0,0.0,0.0,0.0,0.0,0.4,154.83852955383998
5.499,IGG3,389595.72,345.6,6.0,0.0,0.0,0.0,0.0,270.0,15.0,0.0,0.4,171.586266604552
6.411600000000001,IGG4,404683.89,34.56,5.5,0.0,15.0,270.0,0.0,0.0,0.0,0.0,0.4,174.064906665848
5.545800000000001,DOPPELMAB,524743.11,172.8,5.0,67.5,0.0,0.0,0.0,0.0,15.0,67.5,0.4,145.23146666584802
5.8422,IGG3,388669.23,518.4,5.0,135.0,0.0,0.0,0.0,0.0,15.0,0.0,0.4,169.619546665848
6.411600000000001,IGG4,404683.89,103.68,6.0,0.0,0.0,270.0,0.0,0.0,15.0,0.0,0.4,172.17378666584798
6.411600000000001,IGG4,404683.89,103.68,5.0,0.0,15.0,0.0,0.0,270.0,0.0,0.0,0.4,171.19957333415198
5.499,IGG3,389595.72,518.4,7.0,0.0,0.0,0.0,0.0,270.0,15.0,0.0,0.4,174.484459595288
5.7642,NANO_MB,241517.52,293.76,4.5,135.0,15.0,0.0,0.4,0.0,0.0,0.0,0.0,149.635893334152
5.982600000000001,IGG3,386626.68,172.8,4.5,0.0,15.0,0.0,0.0,0.0,0.0,135.0,0.4,145.73141409544
5.9124,KNOB_HOLE,272510.88,34.56,5.0,0.0,15.0,135.0,0.0,135.0,0.0,0.0,0.4,153.32740781735998
5.9124,KNOB_HOLE,272510.88,34.56,5.0,0.0,0.0,135.0,0.0,135.0,15.0,0.0,0.4,147.74393113
5.9124,KNOB_HOLE,272510.88,172.8,5.0,135.0,0.0,0.0,0.0,0.0,15.0,0.0,0.4,142.23246853784
5.9124,KNOB_HOLE,272510.88,172.8,5.0,0.0,0.0,135.0,0.0,135.0,15.0,0.0,0.4,151.65275653824
,IGG3,386148.75,172.8,5.0,0.0,0.0,135.0,0.0,135.0,15.0,0.0,0.4,159.13242666584802
5.7642,NANO_MB,241517.52,414.72,4.5,0.0,15.0,0.0,0.4,0.0,0.0,135.0,0.0,150.765653334152
5.772,KNOB_HOLE,421360.71,172.8,5.0,0.0,0.0,135.0,0.4,0.0,15.0,67.5,0.0,148.481573334152
6.6534,DOPPELMAB,530229.96,172.8,5.0,0.0,0.0,135.0,0.0,0.0,15.0,67.5,0.4,133.52453333415198
,IGG3,386148.75,172.8,7.0,135.0,0.0,0.0,0.0,0.0,15.0,0.0,0.4,168.522533334152
6.162000000000001,IGG3,391603.56,518.4,4.5,0.0,15.0,135.0,0.0,0.0,0.0,67.5,0.4,145.813934902152
6.6534,DOPPELMAB,530229.96,103.68,7.0,0.0,0.0,0.0,0.0,270.0,15.0,0.0,0.4,133.11520000000002
5.772,KNOB_HOLE,421360.71,34.56,5.0,0.0,0.0,0.0,0.4,270.0,15.0,0.0,0.0,153.30352
6.3024,IGG3,384763.02,172.8,4.5,67.5,15.0,0.0,0.0,0.0,0.0,67.5,0.4,145.88639999999998
5.9124,KNOB_HOLE,272510.88,172.8,5.5,0.0,15.0,0.0,0.0,270.0,0.0,0.0,0.4,152.334162629752
5.9124,KNOB_HOLE,272510.88,172.8,7.0,0.0,0.0,0.0,0.0,0.0,15.0,135.0,0.4,147.872072652472
6.411600000000001,IGG4,404683.89,34.56,5.5,0.0,15.0,0.0,0.0,0.0,0.0,135.0,0.4,166.36944
5.499,IGG3,389595.72,518.4,4.5,0.0,15.0,0.0,0.0,0.0,0.0,135.0,0.4,155.342453384968
6.6534,DOPPELMAB,530229.96,172.8,4.5,0.0,15.0,135.0,0.0,135.0,0.0,0.0,0.4,131.8872
5.7642,NANO_MB,241517.52,172.8,5.5,0.0,0.0,0.0,0.4,270.0,15.0,0.0,0.0,162.235173334152
6.411600000000001,IGG4,404683.89,34.56,5.0,135.0,0.0,0.0,0.0,0.0,15.0,0.0,0.4,158.5348
6.232200000000001,IGG4,455066.79,518.4,5.0,135.0,15.0,0.0,0.0,0.0,0.0,0.0,0.4,152.13129340223998
5.499,IGG3,389595.72,172.8,6.0,67.5,0.0,0.0,0.0,0.0,15.0,67.5,0.4,163.66299369799998
5.8422,IGG3,388669.23,518.4,7.0,135.0,0.0,0.0,0.0,0.0,15.0,0.0,0.4,174.171333334152
5.8422,IGG3,388669.23,172.8,4.5,135.0,15.0,0.0,0.0,0.0,0.0,0.0,0.4,151.232293334152
5.499,IGG3,389595.72,345.6,4.5,0.0,15.0,0.0,0.0,135.0,0.0,67.5,0.4,157.35536889815998
5.772,KNOB_HOLE,421360.71,172.8,7.0,135.0,0.0,0.0,0.4,0.0,15.0,0.0,0.0,152.583093334152
6.6534,DOPPELMAB,530229.96,172.8,6.0,0.0,0.0,0.0,0.0,0.0,15.0,135.0,0.4,132.8696
,IGG3,386148.75,518.4,6.0,0.0,0.0,0.0,0.0,0.0,15.0,135.0,0.4,159.88559999999998
6.411600000000001,IGG4,404683.89,34.56,5.5,0.0,15.0,0.0,0.0,270.0,0.0,0.0,0.4,173.86024
6.6534,DOPPELMAB,530229.96,34.56,4.5,0.0,15.0,135.0,0.0,0.0,0.0,67.5,0.4,131.805333334152
6.3024,IGG3,384763.02,518.4,5.5,0.0,15.0,270.0,0.0,0.0,0.0,0.0,0.4,167.962919049728
5.772,KNOB_HOLE,421360.71,103.68,5.0,0.0,0.0,0.0,0.4,135.0,15.0,67.5,0.0,148.44064
5.7642,NANO_MB,241517.52,172.8,5.0,0.0,15.0,0.0,0.4,135.0,0.0,67.5,0.0,154.26136
6.6534,DOPPELMAB,530229.96,34.56,7.0,0.0,0.0,0.0,0.0,0.0,15.0,135.0,0.4,134.179466665848
5.499,IGG3,389595.72,345.6,6.0,0.0,0.0,135.0,0.0,0.0,15.0,67.5,0.4,166.80398054664
5.772,KNOB_HOLE,421360.71,103.68,4.5,67.5,15.0,0.0,0.4,0.0,0.0,67.5,0.0,138.289173334152
6.3024,IGG3,384763.02,172.8,5.0,0.0,0.0,135.0,0.0,135.0,15.0,0.0,0.4,160.786133334152
6.162000000000001,IGG3,391603.56,518.4,5.5,0.0,15.0,0.0,0.0,0.0,0.0,135.0,0.4,148.617918992
6.162000000000001,IGG3,391603.56,518.4,7.0,0.0,0.0,270.0,0.0,0.0,15.0,0.0,0.4,161.18276128664797
6.3024,IGG3,384763.02,172.8,4.5,0.0,15.0,270.0,0.0,0.0,0.0,0.0,0.4,159.312533334152
6.162000000000001,IGG3,391603.56,172.8,7.0,0.0,0.0,0.0,0.0,0.0,15.0,135.0,0.4,159.3397264928
5.545800000000001,DOPPELMAB,524743.11,345.6,5.0,0.0,15.0,135.0,0.0,135.0,0.0,0.0,0.4,148.997333334152
5.772,KNOB_HOLE,421360.71,103.68,5.5,0.0,15.0,0.0,0.4,270.0,0.0,0.0,0.0,154.662506665848
6.3024,IGG3,384763.02,172.8,5.0,0.0,15.0,135.0,0.0,135.0,0.0,0.0,0.4,167.99040000000002
5.8422,IGG3,388669.23,518.4,4.5,0.0,15.0,0.0,0.0,135.0,0.0,67.5,0.4,167.138986665848
5.8422,IGG3,388669.23,345.6,7.0,0.0,0.0,0.0,0.0,270.0,15.0,0.0,0.4,179.81194666584798
5.499,IGG3,389595.72,518.4,4.5,0.0,15.0,270.0,0.0,0.0,0.0,0.0,0.4,166.783927716792
5.499,IGG3,389595.72,172.8,5.5,67.5,15.0,0.0,0.0,0.0,0.0,67.5,0.4,164.565154328632
6.3024,IGG3,384763.02,172.8,4.5,0.0,15.0,135.0,0.0,0.0,0.0,67.5,0.4,150.470933334152
5.545800000000001,DOPPELMAB,524743.11,172.8,5.0,0.0,15.0,0.0,0.0,135.0,0.0,67.5,0.4,147.278133334152
6.3024,IGG3,384763.02,172.8,5.5,0.0,15.0,270.0,0.0,0.0,0.0,0.0,0.4,174.1304
6.411600000000001,IGG4,404683.89,172.8,5.5,0.0,15.0,270.0,0.0,0.0,0.0,0.0,0.4,172.738666665848
,IGG3,386148.75,172.8,6.0,67.5,0.0,0.0,0.0,0.0,15.0,67.5,0.4,162.69362666584797
6.162000000000001,IGG3,391603.56,518.4,5.5,0.0,15.0,135.0,0.0,135.0,0.0,0.0,0.4,156.405056923752
6.162000000000001,IGG3,391603.56,518.4,5.0,0.0,0.0,270.0,0.0,0.0,15.0,0.0,0.4,153.421446068
6.232200000000001,IGG4,455066.79,518.4,4.5,0.0,15.0,270.0,0.0,0.0,0.0,0.0,0.4,154.145177385
6.162000000000001,IGG3,391603.56,518.4,5.0,0.0,0.0,0.0,0.0,270.0,15.0,0.0,0.4,151.41947360664798
5.8422,IGG3,388669.23,518.4,5.5,0.0,15.0,0.0,0.0,0.0,0.0,135.0,0.4,172.108293334152
6.6534,DOPPELMAB,530229.96,172.8,5.5,0.0,15.0,135.0,0.0,135.0,0.0,0.0,0.4,132.214666665848
5.8422,IGG3,388669.23,345.6,5.0,67.5,0.0,0.0,0.0,0.0,15.0,67.5,0.4,165.82912
6.3024,IGG3,384763.02,172.8,5.0,0.0,0.0,0.0,0.0,0.0,15.0,135.0,0.4,151.7808
5.545800000000001,DOPPELMAB,524743.11,518.4,5.0,67.5,0.0,0.0,0.0,0.0,15.0,67.5,0.4,144.985866665848
5.8422,IGG3,388669.23,172.8,5.5,0.0,15.0,135.0,0.0,135.0,0.0,0.0,0.4,182.169706665848
5.9124,KNOB_HOLE,272510.88,34.56,7.0,135.0,0.0,0.0,0.0,0.0,15.0,0.0,0.4,150.57727789592
6.3024,IGG3,384763.02,345.6,4.5,67.5,15.0,0.0,0.0,0.0,0.0,67.5,0.4,148.316531155848
5.9124,KNOB_HOLE,272510.88,34.56,5.5,0.0,15.0,135.0,0.0,0.0,0.0,67.5,0.4,149.914157937672
5.982600000000001,IGG3,386626.68,172.8,5.0,67.5,15.0,0.0,0.0,0.0,0.0,67.5,0.4,155.09430979664
5.545800000000001,DOPPELMAB,524743.11,518.4,7.0,0.0,0.0,0.0,0.0,0.0,15.0,135.0,0.4,147.278133334152
5.7642,NANO_MB,241517.52,293.76,4.5,0.0,15.0,0.0,0.4,135.0,0.0,67.5,0.0,152.550346665848
6.162000000000001,IGG3,391603.56,518.4,4.5,0.0,15.0,0.0,0.0,135.0,0.0,67.5,0.4,145.10462049672
5.499,IGG3,389595.72,518.4,7.0,67.5,0.0,0.0,0.0,0.0,15.0,67.5,0.4,166.554478215608
6.3024,IGG3,384763.02,518.4,7.0,0.0,0.0,135.0,0.0,135.0,15.0,0.0,0.4,171.359865149184
5.499,IGG3,389595.72,345.6,5.0,0.0,15.0,0.0,0.0,270.0,0.0,0.0,0.4,166.632572811752
5.499,IGG3,389595.72,172.8,6.0,0.0,0.0,135.0,0.0,0.0,15.0,67.5,0.4,166.884101595752
5.982600000000001,IGG3,386626.68,345.6,5.5,0.0,15.0,0.0,0.0,270.0,0.0,0.0,0.4,167.68516510264
6.6534,DOPPELMAB,530229.96,34.56,5.5,0.0,15.0,0.0,0.0,0.0,0.0,135.0,0.4,134.015733334152
6.411600000000001,IGG4,404683.89,172.8,5.0,0.0,0.0,270.0,0.0,0.0,15.0,0.0,0.4,168.01496
5.982600000000001,IGG3,386626.68,172.8,5.0,0.0,0.0,0.0,0.0,135.0,15.0,67.5,0.4,153.67104794808
5.7642,NANO_MB,241517.52,414.72,4.5,0.0,15.0,0.0,0.4,270.0,0.0,0.0,0.0,158.21552
5.499,IGG3,389595.72,345.6,6.0,0.0,0.0,270.0,0.0,0.0,15.0,0.0,0.4,172.773988654
6.6534,DOPPELMAB,530229.96,103.68,5.0,0.0,0.0,0.0,0.0,0.0,15.0,135.0,0.4,131.8872
6.162000000000001,IGG3,391603.56,172.8,5.0,0.0,15.0,0.0,0.0,135.0,0.0,67.5,0.4,151.512114476792
5.8422,IGG3,388669.23,518.4,4.5,135.0,15.0,0.0,0.0,0.0,0.0,0.0,0.4,166.967066665848
5.545800000000001,DOPPELMAB,524743.11,518.4,4.5,0.0,15.0,0.0,0.0,0.0,0.0,135.0,0.4,142.9392
5.8422,IGG3,388669.23,172.8,4.5,0.0,15.0,0.0,0.0,270.0,0.0,0.0,0.4,162.39072000000002
5.772,KNOB_HOLE,421360.71,172.8,5.5,0.0,15.0,135.0,0.4,0.0,0.0,67.5,0.0,152.583093334152
5.8422,IGG3,388669.23,518.4,5.5,0.0,15.0,0.0,0.0,270.0,0.0,0.0,0.4,181.956853334152
5.9124,KNOB_HOLE,272510.88,172.8,7.0,0.0,0.0,135.0,0.0,135.0,15.0,0.0,0.4,152.69534295495998
5.982600000000001,IGG3,386626.68,345.6,5.0,0.0,15.0,135.0,0.0,135.0,0.0,0.0,0.4,164.11176492264
6.232200000000001,IGG4,455066.79,172.8,5.5,0.0,15.0,135.0,0.0,135.0,0.0,0.0,0.4,169.03590677264
6.6534,DOPPELMAB,530229.96,34.56,4.5,0.0,15.0,0.0,0.0,135.0,0.0,67.5,0.4,132.787733334152
6.232200000000001,IGG4,455066.79,345.6,6.0,0.0,0.0,270.0,0.0,0.0,15.0,0.0,0.4,168.0329012028
5.982600000000001,IGG3,386626.68,518.4,5.0,135.0,0.0,0.0,0.0,0.0,15.0,0.0,0.4,154.99121445656
6.6534,DOPPELMAB,530229.96,103.68,5.0,135.0,0.0,0.0,0.0,0.0,15.0,0.0,0.4,132.8696
,IGG3,386148.75,345.6,5.0,0.0,0.0,270.0,0.0,0.0,15.0,0.0,0.4,159.26341333415198
6.3024,IGG3,384763.02,172.8,5.5,0.0,15.0,0.0,0.0,270.0,0.0,0.0,0.4,172.4112
6.6534,DOPPELMAB,530229.96,172.8,7.0,0.0,0.0,0.0,0.0,135.0,15.0,67.5,0.4,133.852
6.162000000000001,IGG3,391603.56,172.8,4.5,0.0,15.0,135.0,0.0,135.0,0.0,0.0,0.4,153.407073219528
6.232200000000001,IGG4,455066.79,518.4,5.0,0.0,0.0,270.0,0.0,0.0,15.0,0.0,0.4,156.68379772848
6.6534,DOPPELMAB,530229.96,172.8,5.5,0.0,15.0,0.0,0.0,135.0,0.0,67.5,0.4,133.852
6.411600000000001,IGG4,404683.89,172.8,5.0,0.0,15.0,0.0,0.0,0.0,0.0,135.0,0.4,162.27610666584798
6.411600000000001,IGG4,404683.89,103.68,4.5,67.5,15.0,0.0,0.0,0.0,0.0,67.5,0.4,158.452933334152
,IGG3,386148.75,518.4,4.5,0.0,15.0,270.0,0.0,0.0,0.0,0.0,0.4,157.069386665848
5.545800000000001,DOPPELMAB,524743.11,172.8,5.5,0.0,15.0,0.0,0.0,270.0,0.0,0.0,0.4,149.734133334152
5.499,IGG3,389595.72,518.4,4.5,0.0,15.0,135.0,0.0,0.0,0.0,67.5,0.4,160.447414059768
5.7642,NANO_MB,241517.52,172.8,5.5,0.0,15.0,135.0,0.4,135.0,0.0,0.0,0.0,165.68994666584797
5.545800000000001,DOPPELMAB,524743.11,518.4,5.0,0.0,0.0,0.0,0.0,0.0,15.0,135.0,0.4,144.576533334152
5.772,KNOB_HOLE,421360.71,103.68,6.0,0.0,0.0,135.0,0.4,0.0,15.0,67.5,0.0,153.27895999999998
5.9124,KNOB_HOLE,272510.88,34.56,4.5,0.0,15.0,0.0,0.0,270.0,0.0,0.0,0.4,150.146656469528
5.545800000000001,DOPPELMAB,524743.11,172.8,5.5,135.0,15.0,0.0,0.0,0.0,0.0,0.0,0.4,148.669866665848
6.232200000000001,IGG4,455066.79,345.6,4.5,135.0,15.0,0.0,0.0,0.0,0.0,0.0,0.4,143.399944986
5.772,KNOB_HOLE,421360.71,172.8,7.0,0.0,0.0,135.0,0.4,135.0,15.0,0.0,0.0,156.046053334152
5.9124,KNOB_HOLE,272510.88,172.8,7.0,67.5,0.0,0.0,0.0,0.0,15.0,67.5,0.4,148.002618851912
5.9124,KNOB_HOLE,272510.88,103.68,6.0,0.0,0.0,270.0,0.0,0.0,15.0,0.0,0.4,154.22544400368798
6.6534,DOPPELMAB,530229.96,34.56,7.0,135.0,0.0,0.0,0.0,0.0,15.0,0.0,0.4,135.898666665848
5.8422,IGG3,388669.23,345.6,5.0,0.0,0.0,270.0,0.0,0.0,15.0,0.0,0.4,184.994106665848
6.232200000000001,IGG4,455066.79,345.6,5.5,0.0,15.0,0.0,0.0,270.0,0.0,0.0,0.4,164.73901894768
5.7642,NANO_MB,241517.52,293.76,5.5,0.0,0.0,270.0,0.4,0.0,15.0,0.0,0.0,163.021093334152
5.499,IGG3,389595.72,172.8,7.0,135.0,0.0,0.0,0.0,0.0,15.0,0.0,0.4,170.92791670424
5.9124,KNOB_HOLE,272510.88,34.56,6.0,0.0,0.0,135.0,0.0,135.0,15.0,0.0,0.4,153.711387288808
5.499,IGG3,389595.72,172.8,5.5,0.0,15.0,135.0,0.0,135.0,0.0,0.0,0.4,172.372328954312
6.162000000000001,IGG3,391603.56,518.4,5.0,0.0,0.0,0.0,0.0,0.0,15.0,135.0,0.4,144.771156106952
5.982600000000001,IGG3,386626.68,345.6,5.0,0.0,0.0,0.0,0.0,135.0,15.0,67.5,0.4,155.77551288255998
6.3024,IGG3,384763.02,172.8,5.0,0.0,0.0,0.0,0.0,270.0,15.0,0.0,0.4,158.24826666584798
5.7642,NANO_MB,241517.52,172.8,6.5,0.0,0.0,135.0,0.4,135.0,15.0,0.0,0.0,168.448853334152
5.772,KNOB_HOLE,421360.71,103.68,5.0,67.5,0.0,0.0,0.4,0.0,15.0,67.5,0.0,142.53805333415198
5.982600000000001,IGG3,386626.68,172.8,7.0,0.0,0.0,135.0,0.0,0.0,15.0,67.5,0.4,169.83573907936
5.9124,KNOB_HOLE,272510.88,172.8,5.5,0.0,15.0,270.0,0.0,0.0,0.0,0.0,0.4,153.256680388632
5.8422,IGG3,388669.23,172.8,5.0,135.0,0.0,0.0,0.0,0.0,15.0,0.0,0.4,161.99775999999997
6.6534,DOPPELMAB,530229.96,34.56,7.0,0.0,0.0,135.0,0.0,0.0,15.0,67.5,0.4,135.489333334152
6.232200000000001,IGG4,455066.79,172.8,5.0,0.0,0.0,135.0,0.0,0.0,15.0,67.5,0.4,150.73342865672
5.545800000000001,DOPPELMAB,524743.11,518.4,5.5,0.0,15.0,270.0,0.0,0.0,0.0,0.0,0.4,149.0792
6.232200000000001,IGG4,455066.79,172.8,5.0,0.0,0.0,0.0,0.0,135.0,15.0,67.5,0.4,151.088069832808
5.7642,NANO_MB,241517.52,172.8,4.5,0.0,15.0,0.0,0.4,0.0,0.0,135.0,0.0,145.19871999999998
6.411600000000001,IGG4,404683.89,103.68,6.0,0.0,0.0,135.0,0.0,135.0,15.0,0.0,0.4,171.77264
5.8422,IGG3,388669.23,172.8,4.5,0.0,15.0,0.0,0.0,0.0,0.0,135.0,0.4,150.225333334152
6.162000000000001,IGG3,391603.56,172.8,4.5,67.5,15.0,0.0,0.0,0.0,0.0,67.5,0.4,139.411938032152
6.411600000000001,IGG4,404683.89,172.8,5.5,0.0,15.0,0.0,0.0,0.0,0.0,135.0,0.4,164.912213334152
6.6534,DOPPELMAB,530229.96,34.56,6.0,67.5,0.0,0.0,0.0,0.0,15.0,67.5,0.4,135.07999999999998
5.8422,IGG3,388669.23,518.4,7.0,0.0,0.0,0.0,0.0,0.0,15.0,135.0,0.4,171.84632
5.772,KNOB_HOLE,421360.71,103.68,6.0,0.0,0.0,135.0,0.4,135.0,15.0,0.0,0.0,155.50573333415198
5.772,KNOB_HOLE,421360.71,34.56,7.0,0.0,0.0,0.0,0.4,135.0,15.0,67.5,0.0,154.858986665848
5.982600000000001,IGG3,386626.68,518.4,5.5,0.0,15.0,270.0,0.0,0.0,0.0,0.0,0.4,166.59321085096002
5.8422,IGG3,388669.23,518.4,4.5,0.0,15.0,0.0,0.0,270.0,0.0,0.0,0.4,171.10952
5.982600000000001,IGG3,386626.68,172.8,6.0,0.0,0.0,0.0,0.0,135.0,15.0,67.5,0.4,164.7607671224
6.3024,IGG3,384763.02,518.4,5.5,0.0,15.0,0.0,0.0,135.0,0.0,67.5,0.4,163.01451972735202
6.232200000000001,IGG4,455066.79,345.6,5.0,0.0,15.0,135.0,0.0,135.0,0.0,0.0,0.4,163.269980901368
6.162000000000001,IGG3,391603.56,518.4,7.0,0.0,0.0,0.0,0.0,135.0,15.0,67.5,0.4,156.457711515448
6.6534,DOPPELMAB,530229.96,103.68,6.0,0.0,0.0,135.0,0.0,0.0,15.0,67.5,0.4,134.425066665848
5.982600000000001,IGG3,386626.68,518.4,5.0,0.0,0.0,135.0,0.0,135.0,15.0,0.0,0.4,160.40092302848
6.3024,IGG3,384763.02,518.4,7.0,0.0,0.0,0.0,0.0,270.0,15.0,0.0,0.4,169.991594422656
6.6534,DOPPELMAB,530229.96,34.56,4.5,135.0,15.0,0.0,0.0,0.0,0.0,0.0,0.4,131.068533334152
5.499,IGG3,389595.72,345.6,6.0,0.0,0.0,135.0,0.0,135.0,15.0,0.0,0.4,172.26355943392798
6.162000000000001,IGG3,391603.56,518.4,5.0,135.0,15.0,0.0,0.0,0.0,0.0,0.0,0.4,147.897977877352
5.982600000000001,IGG3,386626.68,172.8,7.0,135.0,0.0,0.0,0.0,0.0,15.0,0.0,0.4,168.40863128216
6.411600000000001,IGG4,404683.89,34.56,5.0,0.0,15.0,135.0,0.0,135.0,0.0,0.0,0.4,171.756266665848
5.9124,KNOB_HOLE,272510.88,172.8,5.0,0.0,0.0,270.0,0.0,0.0,15.0,0.0,0.4,151.99010864584
6.411600000000001,IGG4,404683.89,34.56,7.0,0.0,0.0,135.0,0.0,0.0,15.0,67.5,0.4,171.7972
6.6534,DOPPELMAB,530229.96,172.8,5.0,135.0,15.0,0.0,0.0,0.0,0.0,0.0,0.4,132.3784
6.232200000000001,IGG4,455066.79,172.8,5.5,0.0,15.0,135.0,0.0,0.0,0.0,67.5,0.4,163.05898514807998
,IGG3,386148.75,172.8,4.5,0.0,15.0,135.0,0.0,135.0,0.0,0.0,0.4,157.97810666584795
5.7642,NANO_MB,241517.52,172.8,5.0,0.0,15.0,135.0,0.4,135.0,0.0,0.0,0.0,162.014133334152
6.232200000000001,IGG4,455066.79,172.8,5.5,0.0,15.0,0.0,0.0,0.0,0.0,135.0,0.4,158.429124344568
6.411600000000001,IGG4,404683.89,103.68,5.5,0.0,15.0,0.0,0.0,270.0,0.0,0.0,0.4,172.132853334152
5.7642,NANO_MB,241517.52,293.76,6.0,0.0,0.0,135.0,0.4,135.0,15.0,0.0,0.0,164.396453334152
5.982600000000001,IGG3,386626.68,518.4,5.0,0.0,15.0,0.0,0.0,0.0,0.0,135.0,0.4,155.49974880632
6.162000000000001,IGG3,391603.56,172.8,6.0,67.5,0.0,0.0,0.0,0.0,15.0,67.5,0.4,157.117079813352
6.232200000000001,IGG4,455066.79,172.8,7.0,0.0,0.0,0.0,0.0,135.0,15.0,67.5,0.4,166.92808239855998
5.499,IGG3,389595.72,172.8,4.5,0.0,15.0,0.0,0.0,0.0,0.0,135.0,0.4,148.637759264872
5.7642,NANO_MB,241517.52,414.72,4.5,67.5,15.0,0.0,0.4,0.0,0.0,67.5,0.0,151.31416
5.982600000000001,IGG3,386626.68,518.4,5.5,135.0,15.0,0.0,0.0,0.0,0.0,0.0,0.4,160.21289864352
,IGG3,386148.75,518.4,5.0,0.0,0.0,0.0,0.0,270.0,15.0,0.0,0.4,156.37352
5.982600000000001,IGG3,386626.68,518.4,5.5,0.0,15.0,135.0,0.0,135.0,0.0,0.0,0.4,165.09088955192
6.232200000000001,IGG4,455066.79,172.8,7.0,0.0,0.0,0.0,0.0,270.0,15.0,0.0,0.4,172.571903578168
5.7642,NANO_MB,241517.52,172.8,5.5,67.5,15.0,0.0,0.4,0.0,0.0,67.5,0.0,157.470533334152
,IGG3,386148.75,345.6,6.0,0.0,0.0,135.0,0.0,135.0,15.0,0.0,0.4,168.01496
6.232200000000001,IGG4,455066.79,172.8,5.0,0.0,15.0,0.0,0.0,135.0,0.0,67.5,0.4,158.4347246312
6.162000000000001,IGG3,391603.56,518.4,5.5,135.0,15.0,0.0,0.0,0.0,0.0,0.0,0.4,150.871656013352
5.7642,NANO_MB,241517.52,414.72,5.5,0.0,15.0,270.0,0.4,0.0,0.0,0.0,0.0,164.31868
6.3024,IGG3,384763.02,172.8,5.0,0.0,15.0,0.0,0.0,135.0,0.0,67.5,0.4,159.312533334152
5.499,IGG3,389595.72,345.6,4.5,0.0,15.0,0.0,0.0,0.0,0.0,135.0,0.4,153.336649050312
5.499,IGG3,389595.72,172.8,5.0,0.0,0.0,0.0,0.0,0.0,15.0,135.0,0.4,153.946133252232
5.7642,NANO_MB,241517.52,293.76,4.5,67.5,15.0,0.0,0.4,0.0,0.0,67.5,0.0,149.578586665848
5.982600000000001,IGG3,386626.68,172.8,7.0,0.0,0.0,0.0,0.0,270.0,15.0,0.0,0.4,173.87502637256
5.772,KNOB_HOLE,421360.71,103.68,6.0,0.0,0.0,270.0,0.4,0.0,15.0,0.0,0.0,156.05424
5.545800000000001,DOPPELMAB,524743.11,518.4,5.5,0.0,15.0,135.0,0.0,0.0,0.0,67.5,0.4,147.933066665848
5.7642,NANO_MB,241517.52,172.8,6.5,0.0,0.0,270.0,0.4,0.0,15.0,0.0,0.0,169.161093334152
5.982600000000001,IGG3,386626.68,518.4,7.0,0.0,0.0,0.0,0.0,0.0,15.0,135.0,0.4,161.99080603248
6.162000000000001,IGG3,391603.56,345.6,4.5,0.0,15.0,0.0,0.0,0.0,0.0,135.0,0.4,141.2592657912
5.982600000000001,IGG3,386626.68,172.8,5.5,67.5,15.0,0.0,0.0,0.0,0.0,67.5,0.4,160.60570838544
5.545800000000001,DOPPELMAB,524743.11,172.8,7.0,135.0,0.0,0.0,0.0,0.0,15.0,0.0,0.4,150.634666665848
6.232200000000001,IGG4,455066.79,518.4,6.0,0.0,0.0,0.0,0.0,0.0,15.0,135.0,0.4,156.56553109924
6.3024,IGG3,384763.02,518.4,5.0,0.0,0.0,135.0,0.0,0.0,15.0,67.5,0.4,156.675926474432
5.9124,KNOB_HOLE,272510.88,34.56,4.5,67.5,15.0,0.0,0.0,0.0,0.0,67.5,0.4,135.89086237464
6.6534,DOPPELMAB,530229.96,103.68,5.5,0.0,15.0,0.0,0.0,270.0,0.0,0.0,0.4,132.460266665848
6.232200000000001,IGG4,455066.79,172.8,4.5,0.0,15.0,0.0,0.0,0.0,0.0,135.0,0.4,142.410620301368
5.8422,IGG3,388669.23,518.4,5.0,0.0,0.0,0.0,0.0,270.0,15.0,0.0,0.4,183.56144
6.162000000000001,IGG3,391603.56,172.8,5.0,0.0,0.0,0.0,0.0,270.0,15.0,0.0,0.4,153.623158902648
6.3024,IGG3,384763.02,518.4,7.0,0.0,0.0,135.0,0.0,0.0,15.0,67.5,0.4,167.04413208256
,IGG3,386148.75,518.4,7.0,0.0,0.0,0.0,0.0,135.0,15.0,67.5,0.4,163.07840000000002
5.772,KNOB_HOLE,421360.71,34.56,7.0,0.0,0.0,0.0,0.4,0.0,15.0,135.0,0.0,153.35263999999998
5.7642,NANO_MB,241517.52,414.72,6.5,0.0,0.0,0.0,0.4,0.0,15.0,135.0,0.0,158.32604
6.411600000000001,IGG4,404683.89,172.8,5.5,0.0,15.0,135.0,0.0,135.0,0.0,0.0,0.4,171.82994666584798
5.545800000000001,DOPPELMAB,524743.11,345.6,5.0,0.0,15.0,270.0,0.0,0.0,0.0,0.0,0.4,149.242933334152
5.9124,KNOB_HOLE,272510.88,103.68,4.5,135.0,15.0,0.0,0.0,0.0,0.0,0.0,0.4,136.01308899688
6.411600000000001,IGG4,404683.89,172.8,7.0,0.0,0.0,270.0,0.0,0.0,15.0,0.0,0.4,173.54095999999998
5.8422,IGG3,388669.23,518.4,5.0,0.0,15.0,0.0,0.0,0.0,0.0,135.0,0.4,164.84672
5.499,IGG3,389595.72,518.4,5.5,0.0,15.0,0.0,0.0,0.0,0.0,135.0,0.4,161.99720732632
5.772,KNOB_HOLE,421360.71,103.68,4.5,0.0,15.0,0.0,0.4,0.0,0.0,135.0,0.0,141.801253334152
5.7642,NANO_MB,241517.52,414.72,5.5,0.0,15.0,135.0,0.4,0.0,0.0,67.5,0.0,159.476266665848
5.8422,IGG3,388669.23,345.6,6.0,0.0,0.0,135.0,0.0,135.0,15.0,0.0,0.4,181.69488
5.8422,IGG3,388669.23,172.8,5.0,0.0,15.0,135.0,0.0,0.0,0.0,67.5,0.4,163.47136
5.772,KNOB_HOLE,421360.71,34.56,5.0,0.0,0.0,0.0,0.4,135.0,15.0,67.5,0.0,146.83605333415198
5.982600000000001,IGG3,386626.68,518.4,5.0,0.0,0.0,0.0,0.0,135.0,15.0,67.5,0.4,156.59525386912
6.162000000000001,IGG3,391603.56,172.8,5.5,0.0,15.0,270.0,0.0,0.0,0.0,0.0,0.4,162.23772226919198
,IGG3,386148.75,518.4,4.5,0.0,15.0,135.0,0.0,135.0,0.0,0.0,0.4,156.79104
5.9124,KNOB_HOLE,272510.88,34.56,7.0,0.0,0.0,0.0,0.0,270.0,15.0,0.0,0.4,150.414177679272
6.3024,IGG3,384763.02,172.8,5.5,0.0,15.0,135.0,0.0,0.0,0.0,67.5,0.4,166.598666665848
6.162000000000001,IGG3,391603.56,518.4,4.5,0.0,15.0,0.0,0.0,0.0,0.0,135.0,0.4,141.419290368872
5.499,IGG3,389595.72,518.4,5.0,0.0,0.0,0.0,0.0,0.0,15.0,135.0,0.4,158.786766745288
6.6534,DOPPELMAB,530229.96,34.56,5.0,67.5,0.0,0.0,0.0,0.0,15.0,67.5,0.4,132.296533334152
5.499,IGG3,389595.72,518.4,5.0,0.0,0.0,135.0,0.0,135.0,15.0,0.0,0.4,168.12107610464798
5.545800000000001,DOPPELMAB,524743.11,172.8,6.0,67.5,0.0,0.0,0.0,0.0,15.0,67.5,0.4,149.242933334152
6.411600000000001,IGG4,404683.89,172.8,5.0,0.0,0.0,0.0,0.0,0.0,15.0,135.0,0.4,160.41773333415202
5.545800000000001,DOPPELMAB,524743.11,518.4,5.5,0.0,15.0,0.0,0.0,270.0,0.0,0.0,0.4,148.669866665848
5.545800000000001,DOPPELMAB,524743.11,172.8,4.5,0.0,15.0,135.0,0.0,0.0,0.0,67.5,0.4,145.1496
5.545800000000001,DOPPELMAB,524743.11,345.6,5.0,0.0,15.0,135.0,0.0,0.0,0.0,67.5,0.4,147.441866665848
5.772,KNOB_HOLE,421360.71,34.56,4.5,0.0,15.0,0.0,0.4,0.0,0.0,135.0,0.0,145.07592
5.772,KNOB_HOLE,421360.71,103.68,5.0,0.0,0.0,270.0,0.4,0.0,15.0,0.0,0.0,151.911786665848
6.232200000000001,IGG4,455066.79,518.4,4.5,0.0,15.0,135.0,0.0,0.0,0.0,67.5,0.4,148.443296525032
5.545800000000001,DOPPELMAB,524743.11,518.4,4.5,0.0,15.0,135.0,0.0,135.0,0.0,0.0,0.4,147.196266665848
,IGG3,386148.75,172.8,5.0,0.0,0.0,0.0,0.0,135.0,15.0,67.5,0.4,153.20528000000002
5.7642,NANO_MB,241517.52,172.8,6.0,0.0,0.0,135.0,0.4,0.0,15.0,67.5,0.0,160.72064
5.8422,IGG3,388669.23,518.4,5.5,67.5,15.0,0.0,0.0,0.0,0.0,67.5,0.4,174.4988
5.8422,IGG3,388669.23,172.8,5.0,67.5,15.0,0.0,0.0,0.0,0.0,67.5,0.4,158.51024
,IGG3,386148.75,172.8,4.5,0.0,15.0,270.0,0.0,0.0,0.0,0.0,0.4,158.85408
5.7642,NANO_MB,241517.52,172.8,4.5,0.0,15.0,0.0,0.4,270.0,0.0,0.0,0.0,157.29861333415198
5.9124,KNOB_HOLE,272510.88,34.56,5.0,135.0,0.0,0.0,0.0,0.0,15.0,0.0,0.4,139.219715621128
6.411600000000001,IGG4,404683.89,172.8,6.0,0.0,0.0,0.0,0.0,0.0,15.0,135.0,0.4,164.20816
,IGG3,386148.75,518.4,7.0,0.0,0.0,0.0,0.0,270.0,15.0,0.0,0.4,166.091093334152
6.162000000000001,IGG3,391603.56,518.4,5.5,0.0,15.0,0.0,0.0,270.0,0.0,0.0,0.4,155.887273425352
6.6534,DOPPELMAB,530229.96,172.8,7.0,0.0,0.0,135.0,0.0,0.0,15.0,67.5,0.4,134.0976
5.545800000000001,DOPPELMAB,524743.11,345.6,5.5,0.0,15.0,0.0,0.0,270.0,0.0,0.0,0.4,148.91546666584802
6.232200000000001,IGG4,455066.79,172.8,5.5,0.0,15.0,270.0,0.0,0.0,0.0,0.0,0.4,169.39391419144798
5.772,KNOB_HOLE,421360.71,172.8,5.0,0.0,0.0,0.0,0.4,270.0,15.0,0.0,0.0,151.174986665848
6.3024,IGG3,384763.02,172.8,7.0,0.0,0.0,270.0,0.0,0.0,15.0,0.0,0.4,180.98368127032
5.982600000000001,IGG3,386626.68,172.8,5.5,0.0,15.0,270.0,0.0,0.0,0.0,0.0,0.4,169.71398089
5.8422,IGG3,388669.23,172.8,6.0,0.0,0.0,135.0,0.0,135.0,15.0,0.0,0.4,182.865573334152
6.3024,IGG3,384763.02,172.8,5.0,135.0,0.0,0.0,0.0,0.0,15.0,0.0,0.4,153.663733334152
6.3024,IGG3,384763.02,172.8,5.0,0.0,0.0,270.0,0.0,0.0,15.0,0.0,0.4,161.195466665848
6.162000000000001,IGG3,391603.56,518.4,7.0,0.0,0.0,0.0,0.0,0.0,15.0,135.0,0.4,153.220362868248
6.6534,DOPPELMAB,530229.96,103.68,4.5,135.0,15.0,0.0,0.0,0.0,0.0,0.0,0.4,130.6592
6.232200000000001,IGG4,455066.79,172.8,5.5,0.0,15.0,0.0,0.0,270.0,0.0,0.0,0.4,168.119172935512
5.545800000000001,DOPPELMAB,524743.11,518.4,4.5,135.0,15.0,0.0,0.0,0.0,0.0,0.0,0.4,143.9216
6.6534,DOPPELMAB,530229.96,103.68,5.0,0.0,15.0,135.0,0.0,135.0,0.0,0.0,0.4,132.3784
5.9124,KNOB_HOLE,272510.88,103.68,4.5,0.0,15.0,0.0,0.0,135.0,0.0,67.5,0.4,139.819278147928
6.162000000000001,IGG3,391603.56,172.8,5.0,0.0,15.0,135.0,0.0,135.0,0.0,0.0,0.4,159.15828291808802
5.8422,IGG3,388669.23,172.8,5.0,0.0,15.0,135.0,0.0,135.0,0.0,0.0,0.4,184.363733334152
5.9124,KNOB_HOLE,272510.88,34.56,6.0,67.5,0.0,0.0,0.0,0.0,15.0,67.5,0.4,147.420582414792
6.232200000000001,IGG4,455066.79,518.4,5.5,135.0,15.0,0.0,0.0,0.0,0.0,0.0,0.4,158.58086741304
6.162000000000001,IGG3,391603.56,345.6,4.5,0.0,15.0,0.0,0.0,135.0,0.0,67.5,0.4,145.0254916888
5.982600000000001,IGG3,386626.68,518.4,5.5,0.0,15.0,0.0,0.0,0.0,0.0,135.0,0.4,158.91778925399998
5.8422,IGG3,388669.23,172.8,6.0,0.0,0.0,135.0,0.0,0.0,15.0,67.5,0.4,181.441093334152
6.232200000000001,IGG4,455066.79,518.4,7.0,0.0,0.0,270.0,0.0,0.0,15.0,0.0,0.4,165.951834597512
5.499,IGG3,389595.72,518.4,5.5,0.0,15.0,0.0,0.0,270.0,0.0,0.0,0.4,170.403289839368
5.772,KNOB_HOLE,421360.71,172.8,7.0,0.0,0.0,0.0,0.4,0.0,15.0,135.0,0.0,151.739866665848
5.8422,IGG3,388669.23,345.6,4.5,67.5,15.0,0.0,0.0,0.0,0.0,67.5,0.4,159.107866665848
,IGG3,386148.75,172.8,5.0,0.0,0.0,135.0,0.0,0.0,15.0,67.5,0.4,153.442693334152
6.232200000000001,IGG4,455066.79,518.4,4.5,0.0,15.0,0.0,0.0,135.0,0.0,67.5,0.4,147.422614435512
6.6534,DOPPELMAB,530229.96,34.56,5.5,0.0,15.0,135.0,0.0,0.0,0.0,67.5,0.4,135.407466665848
,IGG3,386148.75,172.8,4.5,0.0,15.0,0.0,0.0,270.0,0.0,0.0,0.4,157.413226665848
,IGG3,386148.75,172.8,5.0,0.0,0.0,0.0,0.0,270.0,15.0,0.0,0.4,158.82952
5.9124,KNOB_HOLE,272510.88,103.68,5.0,0.0,15.0,0.0,0.0,270.0,0.0,0.0,0.4,151.56269334079198
6.6534,DOPPELMAB,530229.96,172.8,5.5,0.0,15.0,0.0,0.0,0.0,0.0,135.0,0.4,132.542133334152
5.7642,NANO_MB,241517.52,414.72,5.5,0.0,15.0,135.0,0.4,135.0,0.0,0.0,0.0,163.49591999999998
5.545800000000001,DOPPELMAB,524743.11,518.4,5.5,0.0,15.0,0.0,0.0,0.0,0.0,135.0,0.4,145.80453333415198
5.499,IGG3,389595.72,518.4,4.5,0.0,15.0,0.0,0.0,270.0,0.0,0.0,0.4,164.706340229528
6.411600000000001,IGG4,404683.89,103.68,5.0,0.0,15.0,135.0,0.0,0.0,0.0,67.5,0.4,166.63959999999997
6.162000000000001,IGG3,391603.56,172.8,5.5,135.0,15.0,0.0,0.0,0.0,0.0,0.0,0.4,154.77490729136
5.545800000000001,DOPPELMAB,524743.11,518.4,7.0,0.0,0.0,0.0,0.0,135.0,15.0,67.5,0.4,149.0792
6.411600000000001,IGG4,404683.89,34.56,7.0,135.0,0.0,0.0,0.0,0.0,15.0,0.0,0.4,171.346933334152
6.3024,IGG3,384763.02,172.8,6.0,0.0,0.0,0.0,0.0,135.0,15.0,67.5,0.4,167.03970961984805
5.9124,KNOB_HOLE,272510.88,103.68,4.5,0.0,15.0,270.0,0.0,0.0,0.0,0.0,0.4,150.07440666463998
5.772,KNOB_HOLE,421360.71,172.8,5.5,0.0,15.0,0.0,0.4,135.0,0.0,67.5,0.0,151.85448
5.499,IGG3,389595.72,172.8,6.0,0.0,0.0,0.0,0.0,135.0,15.0,67.5,0.4,165.9440864652
5.982600000000001,IGG3,386626.68,518.4,5.0,0.0,0.0,135.0,0.0,0.0,15.0,67.5,0.4,156.77206835784
5.982600000000001,IGG3,386626.68,172.8,4.5,135.0,15.0,0.0,0.0,0.0,0.0,0.0,0.4,143.00977308632
6.232200000000001,IGG4,455066.79,172.8,7.0,0.0,0.0,135.0,0.0,135.0,15.0,0.0,0.4,173.721316834008
6.162000000000001,IGG3,391603.56,172.8,5.0,0.0,0.0,0.0,0.0,135.0,15.0,67.5,0.4,147.342173008568
6.411600000000001,IGG4,404683.89,172.8,4.5,0.0,15.0,135.0,0.0,135.0,0.0,0.0,0.4,168.16232
5.772,KNOB_HOLE,421360.71,34.56,4.5,0.0,15.0,0.0,0.4,135.0,0.0,67.5,0.0,145.927333334152
5.7642,NANO_MB,241517.52,293.76,6.0,0.0,0.0,0.0,0.4,270.0,15.0,0.0,0.0,164.077173334152
6.6534,DOPPELMAB,530229.96,34.56,4.5,0.0,15.0,270.0,0.0,0.0,0.0,0.0,0.4,133.033333334152
6.3024,IGG3,384763.02,172.8,7.0,0.0,0.0,0.0,0.0,0.0,15.0,135.0,0.4,168.8034459674
5.9124,KNOB_HOLE,272510.88,34.56,5.0,0.0,15.0,0.0,0.0,135.0,0.0,67.5,0.4,145.979432771608
6.411600000000001,IGG4,404683.89,103.68,5.0,0.0,0.0,0.0,0.0,0.0,15.0,135.0,0.4,159.73824000000002
5.8422,IGG3,388669.23,345.6,5.0,0.0,15.0,0.0,0.0,270.0,0.0,0.0,0.4,184.57658666584803
5.9124,KNOB_HOLE,272510.88,103.68,6.0,0.0,0.0,0.0,0.0,270.0,15.0,0.0,0.4,153.4090155152
5.499,IGG3,389595.72,172.8,5.0,0.0,0.0,0.0,0.0,270.0,15.0,0.0,0.4,164.160830269272
5.499,IGG3,389595.72,172.8,5.0,0.0,15.0,135.0,0.0,135.0,0.0,0.0,0.4,168.43662547503197
5.545800000000001,DOPPELMAB,524743.11,518.4,7.0,0.0,0.0,135.0,0.0,135.0,15.0,0.0,0.4,150.0616
5.7642,NANO_MB,241517.52,172.8,5.5,135.0,15.0,0.0,0.4,0.0,0.0,0.0,0.0,157.35591999999997
6.162000000000001,IGG3,391603.56,518.4,7.0,0.0,0.0,135.0,0.0,0.0,15.0,67.5,0.4,156.884181670648
5.545800000000001,DOPPELMAB,524743.11,172.8,7.0,0.0,0.0,270.0,0.0,0.0,15.0,0.0,0.4,151.2896
6.162000000000001,IGG3,391603.56,518.4,5.0,0.0,15.0,0.0,0.0,0.0,0.0,135.0,0.4,146.687324850952
5.545800000000001,DOPPELMAB,524743.11,518.4,5.0,0.0,0.0,135.0,0.0,0.0,15.0,67.5,0.4,146.746
5.499,IGG3,389595.72,518.4,7.0,135.0,0.0,0.0,0.0,0.0,15.0,0.0,0.4,168.269363760408
,IGG3,386148.75,172.8,6.0,0.0,0.0,135.0,0.0,135.0,15.0,0.0,0.4,171.469733334152
6.162000000000001,IGG3,391603.56,518.4,5.0,0.0,0.0,135.0,0.0,135.0,15.0,0.0,0.4,152.366998652248
5.8422,IGG3,388669.23,345.6,5.0,0.0,15.0,135.0,0.0,135.0,0.0,0.0,0.4,171.90362666584798
5.772,KNOB_HOLE,421360.71,172.8,5.0,67.5,0.0,0.0,0.4,0.0,15.0,67.5,0.0,142.3252
5.982600000000001,IGG3,386626.68,345.6,6.0,0.0,0.0,270.0,0.0,0.0,15.0,0.0,0.4,168.75940277728
6.162000000000001,IGG3,391603.56,518.4,5.5,0.0,15.0,135.0,0.0,0.0,0.0,67.5,0.4,152.563747913352
5.9124,KNOB_HOLE,272510.88,103.68,5.0,0.0,0.0,270.0,0.0,0.0,15.0,0.0,0.4,150.86097549072
6.3024,IGG3,384763.02,172.8,4.5,0.0,15.0,0.0,0.0,135.0,0.0,67.5,0.4,149.816
5.8422,IGG3,388669.23,518.4,4.5,67.5,15.0,0.0,0.0,0.0,0.0,67.5,0.4,164.7976
,IGG3,386148.75,172.8,7.0,0.0,0.0,270.0,0.0,0.0,15.0,0.0,0.4,176.136133334152
5.982600000000001,IGG3,386626.68,518.4,7.0,0.0,0.0,0.0,0.0,270.0,15.0,0.0,0.4,167.31045608072
5.499,IGG3,389595.72,518.4,5.0,67.5,0.0,0.0,0.0,0.0,15.0,67.5,0.4,160.33995282848
5.499,IGG3,389595.72,345.6,4.5,135.0,15.0,0.0,0.0,0.0,0.0,0.0,0.4,154.80715931144
6.232200000000001,IGG4,455066.79,172.8,4.5,0.0,15.0,135.0,0.0,0.0,0.0,67.5,0.4,154.347892044152
6.6534,DOPPELMAB,530229.96,103.68,5.0,0.0,0.0,270.0,0.0,0.0,15.0,0.0,0.4,133.442666665848
6.232200000000001,IGG4,455066.79,518.4,5.5,0.0,15.0,135.0,0.0,135.0,0.0,0.0,0.4,161.919163645512
5.982600000000001,IGG3,386626.68,172.8,5.0,0.0,0.0,0.0,0.0,0.0,15.0,135.0,0.4,151.71967074943998
6.3024,IGG3,384763.02,345.6,7.0,0.0,0.0,0.0,0.0,270.0,15.0,0.0,0.4,173.114910321824
5.9124,KNOB_HOLE,272510.88,172.8,4.5,0.0,15.0,135.0,0.0,135.0,0.0,0.0,0.4,150.40835735960002
5.772,KNOB_HOLE,421360.71,34.56,5.5,0.0,15.0,135.0,0.4,135.0,0.0,0.0,0.0,156.316213334152
6.232200000000001,IGG4,455066.79,172.8,6.0,0.0,0.0,135.0,0.0,0.0,15.0,67.5,0.4,164.85015061448
6.3024,IGG3,384763.02,345.6,6.0,0.0,0.0,0.0,0.0,270.0,15.0,0.0,0.4,171.029463317736
5.772,KNOB_HOLE,421360.71,172.8,4.5,0.0,15.0,135.0,0.4,135.0,0.0,0.0,0.0,152.10008
5.9124,KNOB_HOLE,272510.88,34.56,4.5,0.0,15.0,270.0,0.0,0.0,0.0,0.0,0.4,151.5852755068
5.545800000000001,DOPPELMAB,524743.11,172.8,7.0,0.0,0.0,135.0,0.0,135.0,15.0,0.0,0.4,151.044
5.982600000000001,IGG3,386626.68,172.8,6.0,0.0,0.0,135.0,0.0,0.0,15.0,67.5,0.4,165.64781424864
5.772,KNOB_HOLE,421360.71,103.68,7.0,0.0,0.0,0.0,0.4,270.0,15.0,0.0,0.0,155.39112
5.982600000000001,IGG3,386626.68,172.8,5.0,67.5,0.0,0.0,0.0,0.0,15.0,67.5,0.4,152.07144940104
5.8422,IGG3,388669.23,518.4,6.0,135.0,0.0,0.0,0.0,0.0,15.0,0.0,0.4,173.852053334152
5.772,KNOB_HOLE,421360.71,34.56,5.0,0.0,15.0,0.0,0.4,135.0,0.0,67.5,0.0,150.60192
5.7642,NANO_MB,241517.52,414.72,6.5,67.5,0.0,0.0,0.4,0.0,15.0,67.5,0.0,159.32072000000002
6.162000000000001,IGG3,391603.56,345.6,6.0,0.0,0.0,270.0,0.0,0.0,15.0,0.0,0.4,162.47610901192795
6.3024,IGG3,384763.02,172.8,5.0,0.0,0.0,135.0,0.0,0.0,15.0,67.5,0.4,155.055466665848
5.772,KNOB_HOLE,421360.71,103.68,6.0,0.0,0.0,0.0,0.4,270.0,15.0,0.0,0.0,155.48936
5.7642,NANO_MB,241517.52,414.72,4.5,0.0,15.0,270.0,0.4,0.0,0.0,0.0,0.0,160.090266665848
6.3024,IGG3,384763.02,518.4,5.0,67.5,0.0,0.0,0.0,0.0,15.0,67.5,0.4,154.240656241736
5.545800000000001,DOPPELMAB,524743.11,518.4,7.0,135.0,0.0,0.0,0.0,0.0,15.0,0.0,0.4,148.588
5.7642,NANO_MB,241517.52,172.8,5.5,0.0,15.0,0.0,0.4,135.0,0.0,67.5,0.0,160.139386665848
5.982600000000001,IGG3,386626.68,172.8,5.0,0.0,15.0,0.0,0.0,135.0,0.0,67.5,0.4,157.68168514168
6.3024,IGG3,384763.02,345.6,6.0,0.0,0.0,270.0,0.0,0.0,15.0,0.0,0.4,171.07123175328798
6.411600000000001,IGG4,404683.89,172.8,5.0,0.0,0.0,0.0,0.0,135.0,15.0,67.5,0.4,162.29247999999998
5.499,IGG3,389595.72,518.4,5.5,0.0,15.0,135.0,0.0,0.0,0.0,67.5,0.4,167.136185180328
6.3024,IGG3,384763.02,518.4,5.5,0.0,15.0,135.0,0.0,135.0,0.0,0.0,0.4,166.71394491288
6.162000000000001,IGG3,391603.56,345.6,5.0,0.0,15.0,135.0,0.0,0.0,0.0,67.5,0.4,151.974461575448
6.411600000000001,IGG4,404683.89,172.8,4.5,67.5,15.0,0.0,0.0,0.0,0.0,67.5,0.4,158.7804
5.772,KNOB_HOLE,421360.71,103.68,4.5,0.0,15.0,0.0,0.4,135.0,0.0,67.5,0.0,147.63016
5.499,IGG3,389595.72,172.8,4.5,135.0,15.0,0.0,0.0,0.0,0.0,0.0,0.4,150.18650506216
5.982600000000001,IGG3,386626.68,172.8,4.5,0.0,15.0,270.0,0.0,0.0,0.0,0.0,0.4,156.15930505208
6.162000000000001,IGG3,391603.56,172.8,4.5,0.0,15.0,0.0,0.0,270.0,0.0,0.0,0.4,151.632332768888
6.3024,IGG3,384763.02,345.6,4.5,0.0,15.0,0.0,0.0,0.0,0.0,135.0,0.4,147.628477539304
5.7642,NANO_MB,241517.52,414.72,6.0,0.0,0.0,0.0,0.4,0.0,15.0,135.0,0.0,156.111546665848
6.162000000000001,IGG3,391603.56,345.6,5.0,0.0,0.0,0.0,0.0,135.0,15.0,67.5,0.4,148.193500905848
5.499,IGG3,389595.72,518.4,5.5,67.5,15.0,0.0,0.0,0.0,0.0,67.5,0.4,163.39026543423998
5.9124,KNOB_HOLE,272510.88,172.8,5.0,0.0,0.0,135.0,0.0,0.0,15.0,67.5,0.4,146.02867356751202
5.8422,IGG3,388669.23,345.6,6.0,0.0,0.0,270.0,0.0,0.0,15.0,0.0,0.4,181.96504
6.6534,DOPPELMAB,530229.96,34.56,5.0,0.0,0.0,135.0,0.0,135.0,15.0,0.0,0.4,133.852
5.772,KNOB_HOLE,421360.71,103.68,5.0,0.0,0.0,0.0,0.4,0.0,15.0,135.0,0.0,144.396426665848
5.7642,NANO_MB,241517.52,293.76,5.0,0.0,15.0,270.0,0.4,0.0,0.0,0.0,0.0,162.521706665848
,IGG3,386148.75,172.8,5.0,0.0,0.0,270.0,0.0,0.0,15.0,0.0,0.4,159.59088
6.411600000000001,IGG4,404683.89,34.56,5.5,135.0,15.0,0.0,0.0,0.0,0.0,0.0,0.4,168.596213334152
6.411600000000001,IGG4,404683.89,103.68,5.0,0.0,0.0,0.0,0.0,135.0,15.0,67.5,0.4,162.308853334152
5.545800000000001,DOPPELMAB,524743.11,345.6,5.0,0.0,0.0,270.0,0.0,0.0,15.0,0.0,0.4,148.751733334152
6.411600000000001,IGG4,404683.89,34.56,5.0,0.0,0.0,0.0,0.0,270.0,15.0,0.0,0.4,166.41856
5.982600000000001,IGG3,386626.68,345.6,5.0,135.0,0.0,0.0,0.0,0.0,15.0,0.0,0.4,154.34927173408
5.982600000000001,IGG3,386626.68,172.8,6.0,67.5,0.0,0.0,0.0,0.0,15.0,67.5,0.4,162.69027846736
5.9124,KNOB_HOLE,272510.88,172.8,7.0,135.0,0.0,0.0,0.0,0.0,15.0,0.0,0.4,148.31551814672
6.232200000000001,IGG4,455066.79,518.4,7.0,0.0,0.0,0.0,0.0,270.0,15.0,0.0,0.4,165.223496588328
,IGG3,386148.75,172.8,7.0,67.5,0.0,0.0,0.0,0.0,15.0,67.5,0.4,167.32727999999997
6.3024,IGG3,384763.02,518.4,6.0,0.0,0.0,0.0,0.0,0.0,15.0,135.0,0.4,161.611391027208
6.162000000000001,IGG3,391603.56,345.6,5.0,67.5,0.0,0.0,0.0,0.0,15.0,67.5,0.4,145.670466925352
,IGG3,386148.75,518.4,7.0,0.0,0.0,0.0,0.0,0.0,15.0,135.0,0.4,160.859813334152
5.772,KNOB_HOLE,421360.71,172.8,5.0,0.0,15.0,0.0,0.4,0.0,0.0,135.0,0.0,146.410346665848
5.545800000000001,DOPPELMAB,524743.11,172.8,4.5,0.0,15.0,270.0,0.0,0.0,0.0,0.0,0.4,148.260533334152
6.411600000000001,IGG4,404683.89,172.8,4.5,0.0,15.0,0.0,0.0,270.0,0.0,0.0,0.4,167.84304
6.6534,DOPPELMAB,530229.96,103.68,5.0,0.0,15.0,270.0,0.0,0.0,0.0,0.0,0.4,133.11520000000002
5.982600000000001,IGG3,386626.68,345.6,5.0,0.0,15.0,135.0,0.0,0.0,0.0,67.5,0.4,157.6724193168
5.8422,IGG3,388669.23,518.4,5.0,0.0,0.0,270.0,0.0,0.0,15.0,0.0,0.4,185.051413334152
6.3024,IGG3,384763.02,518.4,5.5,0.0,15.0,135.0,0.0,0.0,0.0,67.5,0.4,162.99731001222398
5.8422,IGG3,388669.23,172.8,5.5,0.0,15.0,0.0,0.0,135.0,0.0,67.5,0.4,181.637573334152
5.7642,NANO_MB,241517.52,293.76,5.0,0.0,15.0,135.0,0.4,0.0,0.0,67.5,0.0,156.01330666584798
5.7642,NANO_MB,241517.52,172.8,5.0,67.5,15.0,0.0,0.4,0.0,0.0,67.5,0.0,151.97728
6.411600000000001,IGG4,404683.89,34.56,6.0,0.0,0.0,135.0,0.0,135.0,15.0,0.0,0.4,172.427573334152
6.162000000000001,IGG3,391603.56,172.8,5.5,0.0,15.0,135.0,0.0,135.0,0.0,0.0,0.4,161.71612834328
,IGG3,386148.75,172.8,5.5,0.0,15.0,0.0,0.0,270.0,0.0,0.0,0.4,169.062853334152
6.162000000000001,IGG3,391603.56,172.8,7.0,135.0,0.0,0.0,0.0,0.0,15.0,0.0,0.4,161.53399270215198
5.772,KNOB_HOLE,421360.71,172.8,7.0,0.0,0.0,135.0,0.4,0.0,15.0,67.5,0.0,153.69647999999998
6.232200000000001,IGG4,455066.79,172.8,5.0,135.0,0.0,0.0,0.0,0.0,15.0,0.0,0.4,148.66978624904002
5.545800000000001,DOPPELMAB,524743.11,172.8,4.5,67.5,15.0,0.0,0.0,0.0,0.0,67.5,0.4,142.857333334152
5.9124,KNOB_HOLE,272510.88,172.8,4.5,0.0,15.0,0.0,0.0,0.0,0.0,135.0,0.4,138.270382836728
5.8422,IGG3,388669.23,172.8,5.0,0.0,0.0,0.0,0.0,135.0,15.0,67.5,0.4,163.91343999999998
5.772,KNOB_HOLE,421360.71,172.8,6.0,0.0,0.0,0.0,0.4,0.0,15.0,135.0,0.0,150.634666665848
6.232200000000001,IGG4,455066.79,345.6,6.0,0.0,0.0,0.0,0.0,270.0,15.0,0.0,0.4,168.41974682624797
5.772,KNOB_HOLE,421360.71,34.56,5.0,0.0,0.0,135.0,0.4,135.0,15.0,0.0,0.0,151.502453334152
5.9124,KNOB_HOLE,272510.88,103.68,7.0,0.0,0.0,0.0,0.0,270.0,15.0,0.0,0.4,151.3511748672
5.545800000000001,DOPPELMAB,524743.11,518.4,5.0,135.0,0.0,0.0,0.0,0.0,15.0,0.0,0.4,145.1496
6.162000000000001,IGG3,391603.56,172.8,7.0,0.0,0.0,270.0,0.0,0.0,15.0,0.0,0.4,167.377228981048
5.982600000000001,IGG3,386626.68,518.4,5.0,0.0,0.0,0.0,0.0,0.0,15.0,135.0,0.4,153.654549326
5.499,IGG3,389595.72,345.6,5.0,0.0,0.0,0.0,0.0,135.0,15.0,67.5,0.4,161.920981797752
5.772,KNOB_HOLE,421360.71,172.8,5.0,0.0,0.0,0.0,0.4,0.0,15.0,135.0,0.0,143.937973334152
5.9124,KNOB_HOLE,272510.88,172.8,5.5,0.0,15.0,135.0,0.0,0.0,0.0,67.5,0.4,148.873054920392
5.7642,NANO_MB,241517.52,293.76,6.0,0.0,0.0,270.0,0.4,0.0,15.0,0.0,0.0,165.231493334152
5.772,KNOB_HOLE,421360.71,103.68,5.0,135.0,0.0,0.0,0.4,0.0,15.0,0.0,0.0,140.45864
6.6534,DOPPELMAB,530229.96,172.8,5.0,0.0,0.0,0.0,0.0,135.0,15.0,67.5,0.4,133.11520000000002
6.232200000000001,IGG4,455066.79,172.8,4.5,0.0,15.0,135.0,0.0,135.0,0.0,0.0,0.4,158.629866757128
5.982600000000001,IGG3,386626.68,345.6,6.0,0.0,0.0,135.0,0.0,135.0,15.0,0.0,0.4,168.94059722272
6.3024,IGG3,384763.02,518.4,4.5,67.5,15.0,0.0,0.0,0.0,0.0,67.5,0.4,151.07624277323998
6.3024,IGG3,384763.02,518.4,5.0,0.0,0.0,270.0,0.0,0.0,15.0,0.0,0.4,161.504922656024
5.545800000000001,DOPPELMAB,524743.11,172.8,5.0,0.0,0.0,270.0,0.0,0.0,15.0,0.0,0.4,148.669866665848
5.499,IGG3,389595.72,518.4,7.0,0.0,0.0,270.0,0.0,0.0,15.0,0.0,0.4,177.1711440052
6.3024,IGG3,384763.02,345.6,5.0,0.0,15.0,270.0,0.0,0.0,0.0,0.0,0.4,166.472964801152
6.6534,DOPPELMAB,530229.96,34.56,5.0,0.0,0.0,0.0,0.0,0.0,15.0,135.0,0.4,131.6416
,IGG3,386148.75,172.8,5.5,0.0,15.0,135.0,0.0,0.0,0.0,67.5,0.4,164.494693334152
6.6534,DOPPELMAB,530229.96,172.8,4.5,67.5,15.0,0.0,0.0,0.0,0.0,67.5,0.4,130.577333334152
5.545800000000001,DOPPELMAB,524743.11,518.4,4.5,67.5,15.0,0.0,0.0,0.0,0.0,67.5,0.4,143.676
6.232200000000001,IGG4,455066.79,518.4,6.0,135.0,0.0,0.0,0.0,0.0,15.0,0.0,0.4,160.27262158848
6.6534,DOPPELMAB,530229.96,34.56,7.0,0.0,0.0,270.0,0.0,0.0,15.0,0.0,0.4,134.8344
5.772,KNOB_HOLE,421360.71,34.56,4.5,135.0,15.0,0.0,0.4,0.0,0.0,0.0,0.0,142.464373334152
5.772,KNOB_HOLE,421360.71,172.8,4.5,0.0,15.0,0.0,0.4,0.0,0.0,135.0,0.0,139.459866665848
6.162000000000001,IGG3,391603.56,172.8,5.5,0.0,15.0,135.0,0.0,0.0,0.0,67.5,0.4,156.089205465368
5.982600000000001,IGG3,386626.68,172.8,6.0,0.0,0.0,135.0,0.0,135.0,15.0,0.0,0.4,170.64287887024
6.411600000000001,IGG4,404683.89,34.56,7.0,0.0,0.0,0.0,0.0,0.0,15.0,135.0,0.4,169.062853334152
5.499,IGG3,389595.72,518.4,4.5,0.0,15.0,0.0,0.0,135.0,0.0,67.5,0.4,160.10952895104802
5.7642,NANO_MB,241517.52,172.8,6.5,0.0,0.0,0.0,0.4,270.0,15.0,0.0,0.0,167.466453334152
6.6534,DOPPELMAB,530229.96,172.8,5.5,0.0,15.0,0.0,0.0,270.0,0.0,0.0,0.4,132.1328
5.982600000000001,IGG3,386626.68,518.4,7.0,0.0,0.0,270.0,0.0,0.0,15.0,0.0,0.4,168.73840707184002
5.982600000000001,IGG3,386626.68,172.8,5.5,0.0,15.0,135.0,0.0,135.0,0.0,0.0,0.4,168.8213124464
6.6534,DOPPELMAB,530229.96,172.8,5.0,0.0,15.0,0.0,0.0,0.0,0.0,135.0,0.4,131.8872
5.545800000000001,DOPPELMAB,524743.11,518.4,5.5,0.0,15.0,135.0,0.0,135.0,0.0,0.0,0.4,148.751733334152
6.3024,IGG3,384763.02,172.8,6.0,67.5,0.0,0.0,0.0,0.0,15.0,67.5,0.4,164.71573333415202
5.982600000000001,IGG3,386626.68,518.4,5.0,0.0,0.0,270.0,0.0,0.0,15.0,0.0,0.4,160.87481117568
6.411600000000001,IGG4,404683.89,34.56,5.5,67.5,15.0,0.0,0.0,0.0,0.0,67.5,0.4,166.97116
6.232200000000001,IGG4,455066.79,172.8,5.5,0.0,15.0,0.0,0.0,135.0,0.0,67.5,0.4,162.527126468408
6.411600000000001,IGG4,404683.89,103.68,7.0,0.0,0.0,0.0,0.0,270.0,15.0,0.0,0.4,172.87784
6.6534,DOPPELMAB,530229.96,172.8,7.0,135.0,0.0,0.0,0.0,0.0,15.0,0.0,0.4,134.5888
5.7642,NANO_MB,241517.52,414.72,5.5,67.5,0.0,0.0,0.4,0.0,15.0,67.5,0.0,152.378426665848
5.772,KNOB_HOLE,421360.71,34.56,5.5,0.0,15.0,0.0,0.4,0.0,0.0,135.0,0.0,151.51064
5.9124,KNOB_HOLE,272510.88,172.8,5.5,0.0,15.0,0.0,0.0,135.0,0.0,67.5,0.4,148.462931473848
5.9124,KNOB_HOLE,272510.88,103.68,5.0,67.5,0.0,0.0,0.0,0.0,15.0,67.5,0.4,141.479190514232
6.232200000000001,IGG4,455066.79,172.8,7.0,135.0,0.0,0.0,0.0,0.0,15.0,0.0,0.4,167.96638055823198
6.411600000000001,IGG4,404683.89,172.8,5.0,0.0,0.0,135.0,0.0,0.0,15.0,67.5,0.4,162.898293334152
6.162000000000001,IGG3,391603.56,345.6,5.0,0.0,15.0,0.0,0.0,270.0,0.0,0.0,0.4,155.848839726952
5.8422,IGG3,388669.23,518.4,7.0,0.0,0.0,0.0,0.0,135.0,15.0,67.5,0.4,175.35021333415202
5.982600000000001,IGG3,386626.68,518.4,4.5,0.0,15.0,0.0,0.0,0.0,0.0,135.0,0.4,149.08446718672
5.9124,KNOB_HOLE,272510.88,34.56,7.0,0.0,0.0,135.0,0.0,0.0,15.0,67.5,0.4,151.272175605912
5.982600000000001,IGG3,386626.68,518.4,5.5,0.0,15.0,135.0,0.0,0.0,0.0,67.5,0.4,161.94878652496
6.162000000000001,IGG3,391603.56,172.8,5.5,0.0,15.0,0.0,0.0,270.0,0.0,0.0,0.4,160.752395876152
6.232200000000001,IGG4,455066.79,172.8,6.0,0.0,0.0,0.0,0.0,135.0,15.0,67.5,0.4,163.829930589432
6.162000000000001,IGG3,391603.56,345.6,5.0,0.0,15.0,135.0,0.0,135.0,0.0,0.0,0.4,156.289268558152
5.982600000000001,IGG3,386626.68,518.4,7.0,0.0,0.0,135.0,0.0,135.0,15.0,0.0,0.4,168.21841457336
6.232200000000001,IGG4,455066.79,518.4,4.5,0.0,15.0,0.0,0.0,270.0,0.0,0.0,0.4,152.685054409928
6.232200000000001,IGG4,455066.79,172.8,7.0,0.0,0.0,0.0,0.0,0.0,15.0,135.0,0.4,153.13816363544
6.6534,DOPPELMAB,530229.96,34.56,6.0,0.0,0.0,135.0,0.0,135.0,15.0,0.0,0.4,134.5888
5.9124,KNOB_HOLE,272510.88,34.56,5.5,135.0,15.0,0.0,0.0,0.0,0.0,0.0,0.4,147.853717515432
5.545800000000001,DOPPELMAB,524743.11,172.8,4.5,0.0,15.0,0.0,0.0,0.0,0.0,135.0,0.4,142.6936
5.7642,NANO_MB,241517.52,414.72,5.5,0.0,0.0,0.0,0.4,0.0,15.0,135.0,0.0,153.77016
5.8422,IGG3,388669.23,518.4,7.0,0.0,0.0,270.0,0.0,0.0,15.0,0.0,0.4,181.54752
6.6534,DOPPELMAB,530229.96,34.56,5.0,135.0,0.0,0.0,0.0,0.0,15.0,0.0,0.4,132.1328
5.499,IGG3,389595.72,518.4,7.0,0.0,0.0,0.0,0.0,135.0,15.0,67.5,0.4,169.609268716
5.9124,KNOB_HOLE,272510.88,172.8,5.5,135.0,15.0,0.0,0.0,0.0,0.0,0.0,0.4,146.285387571688
5.772,KNOB_HOLE,421360.71,172.8,4.5,0.0,15.0,270.0,0.4,0.0,0.0,0.0,0.0,152.5176
6.6534,DOPPELMAB,530229.96,103.68,5.0,0.0,15.0,135.0,0.0,0.0,0.0,67.5,0.4,133.11520000000002
5.499,IGG3,389595.72,172.8,7.0,67.5,0.0,0.0,0.0,0.0,15.0,67.5,0.4,169.07862153692
6.162000000000001,IGG3,391603.56,172.8,5.0,0.0,0.0,270.0,0.0,0.0,15.0,0.0,0.4,154.99166224184802
5.499,IGG3,389595.72,518.4,7.0,0.0,0.0,0.0,0.0,0.0,15.0,135.0,0.4,165.184857258872
6.6534,DOPPELMAB,530229.96,103.68,4.5,0.0,15.0,270.0,0.0,0.0,0.0,0.0,0.4,132.3784
5.8422,IGG3,388669.23,345.6,5.0,0.0,0.0,0.0,0.0,0.0,15.0,135.0,0.4,164.94495999999998
6.6534,DOPPELMAB,530229.96,172.8,4.5,0.0,15.0,0.0,0.0,135.0,0.0,67.5,0.4,131.477866665848
6.411600000000001,IGG4,404683.89,172.8,5.5,0.0,15.0,135.0,0.0,0.0,0.0,67.5,0.4,167.703866665848
5.499,IGG3,389595.72,172.8,7.0,0.0,0.0,0.0,0.0,270.0,15.0,0.0,0.4,176.98899197518398
6.162000000000001,IGG3,391603.56,172.8,7.0,0.0,0.0,135.0,0.0,0.0,15.0,67.5,0.4,162.86728445039998
6.3024,IGG3,384763.02,518.4,7.0,135.0,0.0,0.0,0.0,0.0,15.0,0.0,0.4,165.289767784344
5.772,KNOB_HOLE,421360.71,34.56,5.5,0.0,15.0,270.0,0.4,0.0,0.0,0.0,0.0,156.602746665848
6.6534,DOPPELMAB,530229.96,172.8,5.5,0.0,15.0,135.0,0.0,0.0,0.0,67.5,0.4,133.933866665848
6.411600000000001,IGG4,404683.89,172.8,5.0,0.0,0.0,135.0,0.0,135.0,15.0,0.0,0.4,167.53194666584798
5.8422,IGG3,388669.23,518.4,5.0,0.0,0.0,135.0,0.0,0.0,15.0,67.5,0.4,181.465653334152
5.545800000000001,DOPPELMAB,524743.11,345.6,6.0,0.0,0.0,0.0,0.0,270.0,15.0,0.0,0.4,149.979733334152
6.6534,DOPPELMAB,530229.96,172.8,5.5,0.0,15.0,270.0,0.0,0.0,0.0,0.0,0.4,133.19706666584798
,IGG3,386148.75,172.8,5.5,0.0,15.0,135.0,0.0,135.0,0.0,0.0,0.4,169.88152
6.162000000000001,IGG3,391603.56,172.8,7.0,67.5,0.0,0.0,0.0,0.0,15.0,67.5,0.4,162.34586320584802
6.3024,IGG3,384763.02,518.4,4.5,0.0,15.0,0.0,0.0,0.0,0.0,135.0,0.4,149.645489034216
5.9124,KNOB_HOLE,272510.88,34.56,6.0,0.0,0.0,0.0,0.0,135.0,15.0,67.5,0.4,149.377298294312
5.499,IGG3,389595.72,172.8,4.5,0.0,15.0,0.0,0.0,135.0,0.0,67.5,0.4,152.18229870151998
6.6534,DOPPELMAB,530229.96,34.56,4.5,67.5,15.0,0.0,0.0,0.0,0.0,67.5,0.4,129.43120000000002
6.6534,DOPPELMAB,530229.96,34.56,5.0,67.5,15.0,0.0,0.0,0.0,0.0,67.5,0.4,133.688266665848
5.7642,NANO_MB,241517.52,293.76,5.0,0.0,15.0,0.0,0.4,270.0,0.0,0.0,0.0,160.67152000000002
6.232200000000001,IGG4,455066.79,172.8,5.0,0.0,0.0,0.0,0.0,0.0,15.0,135.0,0.4,147.44826291015198
5.545800000000001,DOPPELMAB,524743.11,518.4,7.0,67.5,0.0,0.0,0.0,0.0,15.0,67.5,0.4,147.8512
5.7642,NANO_MB,241517.52,414.72,5.5,0.0,15.0,0.0,0.4,135.0,0.0,67.5,0.0,158.2278
6.6534,DOPPELMAB,530229.96,172.8,5.0,67.5,0.0,0.0,0.0,0.0,15.0,67.5,0.4,132.705866665848
5.9124,KNOB_HOLE,272510.88,172.8,5.0,67.5,0.0,0.0,0.0,0.0,15.0,67.5,0.4,143.069382694248
5.772,KNOB_HOLE,421360.71,172.8,5.0,135.0,15.0,0.0,0.4,0.0,0.0,0.0,0.0,143.839733334152
6.3024,IGG3,384763.02,172.8,4.5,0.0,15.0,0.0,0.0,0.0,0.0,135.0,0.4,145.80453333415198
5.982600000000001,IGG3,386626.68,518.4,4.5,0.0,15.0,0.0,0.0,270.0,0.0,0.0,0.4,157.36601892463997
,IGG3,386148.75,172.8,5.5,67.5,15.0,0.0,0.0,0.0,0.0,67.5,0.4,159.19791999999998
5.7642,NANO_MB,241517.52,172.8,6.5,0.0,0.0,0.0,0.4,0.0,15.0,135.0,0.0,160.442293334152
6.6534,DOPPELMAB,530229.96,34.56,5.0,0.0,0.0,135.0,0.0,0.0,15.0,67.5,0.4,133.033333334152
5.982600000000001,IGG3,386626.68,518.4,4.5,0.0,15.0,270.0,0.0,0.0,0.0,0.0,0.4,157.32158224648
5.772,KNOB_HOLE,421360.71,172.8,7.0,0.0,0.0,0.0,0.4,135.0,15.0,67.5,0.0,153.54912000000002
,IGG3,386148.75,345.6,4.5,0.0,15.0,270.0,0.0,0.0,0.0,0.0,0.4,157.265866665848
5.9124,KNOB_HOLE,272510.88,34.56,5.0,67.5,15.0,0.0,0.0,0.0,0.0,67.5,0.4,143.33903080736
5.545800000000001,DOPPELMAB,524743.11,345.6,5.0,67.5,0.0,0.0,0.0,0.0,15.0,67.5,0.4,144.822133334152
5.545800000000001,DOPPELMAB,524743.11,518.4,5.0,0.0,15.0,0.0,0.0,0.0,0.0,135.0,0.4,144.985866665848
5.545800000000001,DOPPELMAB,524743.11,518.4,6.0,0.0,0.0,0.0,0.0,0.0,15.0,135.0,0.4,147.2372
6.6534,DOPPELMAB,530229.96,172.8,7.0,0.0,0.0,270.0,0.0,0.0,15.0,0.0,0.4,133.36079999999998
5.982600000000001,IGG3,386626.68,345.6,6.0,0.0,0.0,135.0,0.0,0.0,15.0,67.5,0.4,164.38126123776
5.7642,NANO_MB,241517.52,414.72,5.5,0.0,15.0,0.0,0.4,270.0,0.0,0.0,0.0,162.55036
6.6534,DOPPELMAB,530229.96,34.56,5.0,0.0,15.0,135.0,0.0,0.0,0.0,67.5,0.4,134.670666665848
6.232200000000001,IGG4,455066.79,172.8,5.0,0.0,0.0,135.0,0.0,135.0,15.0,0.0,0.4,156.78352603992
5.982600000000001,IGG3,386626.68,172.8,5.5,135.0,15.0,0.0,0.0,0.0,0.0,0.0,0.4,168.43429269991998
5.499,IGG3,389595.72,172.8,7.0,0.0,0.0,0.0,0.0,0.0,15.0,135.0,0.4,167.83254047965602
5.7642,NANO_MB,241517.52,414.72,5.5,135.0,0.0,0.0,0.4,0.0,15.0,0.0,0.0,154.195866665848
5.545800000000001,DOPPELMAB,524743.11,172.8,5.0,0.0,0.0,0.0,0.0,270.0,15.0,0.0,0.4,148.178666665848
5.982600000000001,IGG3,386626.68,172.8,4.5,0.0,15.0,135.0,0.0,135.0,0.0,0.0,0.4,156.7805237764
5.8422,IGG3,388669.23,172.8,7.0,135.0,0.0,0.0,0.0,0.0,15.0,0.0,0.4,175.473013334152
5.8422,IGG3,388669.23,172.8,7.0,0.0,0.0,0.0,0.0,0.0,15.0,135.0,0.4,174.392373334152
5.7642,NANO_MB,241517.52,293.76,4.5,0.0,15.0,270.0,0.4,0.0,0.0,0.0,0.0,160.22125333415198
6.3024,IGG3,384763.02,345.6,5.0,0.0,15.0,135.0,0.0,0.0,0.0,67.5,0.4,160.094402442136
6.3024,IGG3,384763.02,172.8,5.0,67.5,15.0,0.0,0.0,0.0,0.0,67.5,0.4,156.2016
5.9124,KNOB_HOLE,272510.88,103.68,5.0,0.0,0.0,0.0,0.0,0.0,15.0,135.0,0.4,141.27753752248
5.545800000000001,DOPPELMAB,524743.11,518.4,7.0,0.0,0.0,0.0,0.0,270.0,15.0,0.0,0.4,149.69320000000002
6.3024,IGG3,384763.02,518.4,7.0,0.0,0.0,270.0,0.0,0.0,15.0,0.0,0.4,171.566686846968
5.982600000000001,IGG3,386626.68,172.8,5.0,135.0,0.0,0.0,0.0,0.0,15.0,0.0,0.4,152.77328747968
6.162000000000001,IGG3,391603.56,345.6,5.0,135.0,0.0,0.0,0.0,0.0,15.0,0.0,0.4,146.082802309352
5.982600000000001,IGG3,386626.68,345.6,6.0,0.0,0.0,0.0,0.0,270.0,15.0,0.0,0.4,167.95298438728
5.8422,IGG3,388669.23,172.8,5.5,0.0,15.0,270.0,0.0,0.0,0.0,0.0,0.4,182.65272
6.6534,DOPPELMAB,530229.96,172.8,5.0,0.0,0.0,270.0,0.0,0.0,15.0,0.0,0.4,133.442666665848
5.499,IGG3,389595.72,172.8,5.5,0.0,15.0,0.0,0.0,135.0,0.0,67.5,0.4,164.70490473928
6.6534,DOPPELMAB,530229.96,34.56,6.0,0.0,0.0,0.0,0.0,135.0,15.0,67.5,0.4,134.8344
6.3024,IGG3,384763.02,518.4,5.0,0.0,0.0,0.0,0.0,135.0,15.0,67.5,0.4,156.17982128492
5.9124,KNOB_HOLE,272510.88,172.8,6.0,135.0,0.0,0.0,0.0,0.0,15.0,0.0,0.4,145.604624822008
5.499,IGG3,389595.72,172.8,7.0,0.0,0.0,135.0,0.0,135.0,15.0,0.0,0.4,178.985507678544
6.162000000000001,IGG3,391603.56,172.8,5.0,67.5,15.0,0.0,0.0,0.0,0.0,67.5,0.4,148.593380106232
5.982600000000001,IGG3,386626.68,518.4,4.5,135.0,15.0,0.0,0.0,0.0,0.0,0.0,0.4,151.89670075216
6.162000000000001,IGG3,391603.56,172.8,7.0,0.0,0.0,0.0,0.0,270.0,15.0,0.0,0.4,165.82645106479998
5.8422,IGG3,388669.23,518.4,4.5,0.0,15.0,270.0,0.0,0.0,0.0,0.0,0.4,185.89464
6.3024,IGG3,384763.02,518.4,5.5,135.0,15.0,0.0,0.0,0.0,0.0,0.0,0.4,160.9975367466
5.499,IGG3,389595.72,518.4,4.5,67.5,15.0,0.0,0.0,0.0,0.0,67.5,0.4,156.412035574072
6.411600000000001,IGG4,404683.89,34.56,5.5,0.0,15.0,0.0,0.0,135.0,0.0,67.5,0.4,169.161093334152
5.545800000000001,DOPPELMAB,524743.11,518.4,5.0,135.0,15.0,0.0,0.0,0.0,0.0,0.0,0.4,145.477066665848
5.9124,KNOB_HOLE,272510.88,34.56,7.0,0.0,0.0,135.0,0.0,135.0,15.0,0.0,0.4,150.67066248216
5.545800000000001,DOPPELMAB,524743.11,345.6,5.0,135.0,0.0,0.0,0.0,0.0,15.0,0.0,0.4,145.39520000000002
6.232200000000001,IGG4,455066.79,518.4,7.0,0.0,0.0,0.0,0.0,0.0,15.0,135.0,0.4,157.98569184256002
6.3024,IGG3,384763.02,345.6,5.0,0.0,15.0,0.0,0.0,270.0,0.0,0.0,0.4,164.2199232576
6.411600000000001,IGG4,404683.89,103.68,6.0,0.0,0.0,135.0,0.0,0.0,15.0,67.5,0.4,167.507386665848
5.9124,KNOB_HOLE,272510.88,34.56,5.0,0.0,0.0,0.0,0.0,0.0,15.0,135.0,0.4,138.855512262008
5.9124,KNOB_HOLE,272510.88,34.56,5.5,0.0,15.0,0.0,0.0,270.0,0.0,0.0,0.4,152.19620251048
5.499,IGG3,389595.72,518.4,5.0,135.0,15.0,0.0,0.0,0.0,0.0,0.0,0.4,160.170910319832
6.3024,IGG3,384763.02,172.8,7.0,67.5,0.0,0.0,0.0,0.0,15.0,67.5,0.4,171.927938187416
6.411600000000001,IGG4,404683.89,34.56,5.0,67.5,15.0,0.0,0.0,0.0,0.0,67.5,0.4,163.39768
5.7642,NANO_MB,241517.52,414.72,4.5,0.0,15.0,135.0,0.4,135.0,0.0,0.0,0.0,159.32072000000002
5.8422,IGG3,388669.23,172.8,6.0,67.5,0.0,0.0,0.0,0.0,15.0,67.5,0.4,180.36864
5.982600000000001,IGG3,386626.68,345.6,5.0,0.0,0.0,270.0,0.0,0.0,15.0,0.0,0.4,160.45836373544
5.7642,NANO_MB,241517.52,172.8,5.5,0.0,0.0,0.0,0.4,135.0,15.0,67.5,0.0,156.512693334152
5.8422,IGG3,388669.23,518.4,6.0,0.0,0.0,0.0,0.0,0.0,15.0,135.0,0.4,172.19016
5.7642,NANO_MB,241517.52,172.8,6.0,0.0,0.0,0.0,0.4,135.0,15.0,67.5,0.0,159.68911999999997
5.7642,NANO_MB,241517.52,414.72,4.5,0.0,15.0,135.0,0.4,0.0,0.0,67.5,0.0,154.64613333415198
5.772,KNOB_HOLE,421360.71,103.68,5.0,0.0,15.0,270.0,0.4,0.0,0.0,0.0,0.0,155.309253334152
6.3024,IGG3,384763.02,518.4,4.5,0.0,15.0,0.0,0.0,135.0,0.0,67.5,0.4,153.318871476056
6.6534,DOPPELMAB,530229.96,172.8,5.0,0.0,0.0,135.0,0.0,135.0,15.0,0.0,0.4,132.8696
6.6534,DOPPELMAB,530229.96,34.56,5.0,0.0,0.0,0.0,0.0,270.0,15.0,0.0,0.4,133.933866665848
6.232200000000001,IGG4,455066.79,518.4,5.0,0.0,15.0,0.0,0.0,0.0,0.0,135.0,0.4,150.111710094648
5.7642,NANO_MB,241517.52,172.8,4.5,0.0,15.0,135.0,0.4,0.0,0.0,67.5,0.0,150.544613334152
6.232200000000001,IGG4,455066.79,172.8,4.5,0.0,15.0,270.0,0.0,0.0,0.0,0.0,0.4,159.506836424168
5.9124,KNOB_HOLE,272510.88,172.8,5.5,0.0,15.0,0.0,0.0,0.0,0.0,135.0,0.4,145.883593938952
5.982600000000001,IGG3,386626.68,345.6,5.0,67.5,0.0,0.0,0.0,0.0,15.0,67.5,0.4,154.450704092
5.8422,IGG3,388669.23,172.8,5.5,0.0,15.0,135.0,0.0,0.0,0.0,67.5,0.4,182.18608
5.7642,NANO_MB,241517.52,172.8,6.0,0.0,0.0,135.0,0.4,135.0,15.0,0.0,0.0,166.091093334152
6.6534,DOPPELMAB,530229.96,34.56,5.5,0.0,15.0,135.0,0.0,135.0,0.0,0.0,0.4,134.015733334152
6.3024,IGG3,384763.02,518.4,5.0,135.0,0.0,0.0,0.0,0.0,15.0,0.0,0.4,154.99683852464
5.8422,IGG3,388669.23,518.4,5.5,0.0,15.0,135.0,0.0,135.0,0.0,0.0,0.4,182.439866665848
5.982600000000001,IGG3,386626.68,518.4,7.0,0.0,0.0,0.0,0.0,135.0,15.0,67.5,0.4,165.12972362743997
6.3024,IGG3,384763.02,172.8,6.0,0.0,0.0,135.0,0.0,0.0,15.0,67.5,0.4,168.31227212871198
5.982600000000001,IGG3,386626.68,345.6,5.0,0.0,15.0,270.0,0.0,0.0,0.0,0.0,0.4,164.67175323376
5.772,KNOB_HOLE,421360.71,34.56,5.0,67.5,0.0,0.0,0.4,0.0,15.0,67.5,0.0,145.04317333415202
5.7642,NANO_MB,241517.52,293.76,6.5,0.0,0.0,0.0,0.4,270.0,15.0,0.0,0.0,165.910986665848
5.499,IGG3,389595.72,172.8,4.5,0.0,15.0,135.0,0.0,0.0,0.0,67.5,0.4,152.431906542312
5.545800000000001,DOPPELMAB,524743.11,345.6,6.0,0.0,0.0,135.0,0.0,0.0,15.0,67.5,0.4,149.652266665848
5.499,IGG3,389595.72,518.4,6.0,0.0,0.0,0.0,0.0,0.0,15.0,135.0,0.4,162.759056333112
6.411600000000001,IGG4,404683.89,34.56,4.5,0.0,15.0,0.0,0.0,270.0,0.0,0.0,0.4,167.86759999999998
5.9124,KNOB_HOLE,272510.88,172.8,5.0,0.0,0.0,0.0,0.0,0.0,15.0,135.0,0.4,143.06592869864798
5.8422,IGG3,388669.23,172.8,5.5,135.0,15.0,0.0,0.0,0.0,0.0,0.0,0.4,181.47384
5.982600000000001,IGG3,386626.68,172.8,5.0,0.0,0.0,270.0,0.0,0.0,15.0,0.0,0.4,159.71130666896
5.499,IGG3,389595.72,172.8,5.0,0.0,15.0,135.0,0.0,0.0,0.0,67.5,0.4,160.460711015688
5.545800000000001,DOPPELMAB,524743.11,172.8,5.0,67.5,15.0,0.0,0.0,0.0,0.0,67.5,0.4,146.132
5.499,IGG3,389595.72,345.6,5.0,135.0,0.0,0.0,0.0,0.0,15.0,0.0,0.4,159.88651597256802
6.6534,DOPPELMAB,530229.96,34.56,7.0,0.0,0.0,0.0,0.0,135.0,15.0,67.5,0.4,135.407466665848
6.411600000000001,IGG4,404683.89,172.8,7.0,0.0,0.0,135.0,0.0,135.0,15.0,0.0,0.4,173.254426665848
5.545800000000001,DOPPELMAB,524743.11,172.8,5.0,0.0,0.0,135.0,0.0,135.0,15.0,0.0,0.4,148.751733334152
5.499,IGG3,389595.72,172.8,5.0,0.0,0.0,270.0,0.0,0.0,15.0,0.0,0.4,165.56765212783998
6.3024,IGG3,384763.02,518.4,4.5,135.0,15.0,0.0,0.0,0.0,0.0,0.0,0.4,151.582831047544
6.162000000000001,IGG3,391603.56,172.8,4.5,0.0,15.0,0.0,0.0,0.0,0.0,135.0,0.4,138.958644672952
5.982600000000001,IGG3,386626.68,172.8,5.5,0.0,15.0,0.0,0.0,270.0,0.0,0.0,0.4,168.56392074832
,IGG3,386148.75,172.8,7.0,0.0,0.0,0.0,0.0,0.0,15.0,135.0,0.4,166.46768
5.7642,NANO_MB,241517.52,172.8,6.0,67.5,0.0,0.0,0.4,0.0,15.0,67.5,0.0,157.45416
5.9124,KNOB_HOLE,272510.88,172.8,5.0,135.0,15.0,0.0,0.0,0.0,0.0,0.0,0.4,142.006881541192
5.8422,IGG3,388669.23,345.6,6.0,0.0,0.0,0.0,0.0,270.0,15.0,0.0,0.4,181.899546665848
6.3024,IGG3,384763.02,518.4,5.0,0.0,0.0,135.0,0.0,135.0,15.0,0.0,0.4,160.0824258662
6.6534,DOPPELMAB,530229.96,103.68,4.5,0.0,15.0,0.0,0.0,0.0,0.0,135.0,0.4,130.4136
6.411600000000001,IGG4,404683.89,34.56,6.0,67.5,0.0,0.0,0.0,0.0,15.0,67.5,0.4,165.80456
6.3024,IGG3,384763.02,518.4,5.5,67.5,15.0,0.0,0.0,0.0,0.0,67.5,0.4,160.30547421108002
,IGG3,386148.75,345.6,5.5,0.0,15.0,0.0,0.0,270.0,0.0,0.0,0.4,164.150853334152
5.7642,NANO_MB,241517.52,293.76,5.5,0.0,15.0,0.0,0.4,270.0,0.0,0.0,0.0,163.59416
6.3024,IGG3,384763.02,345.6,5.5,0.0,15.0,0.0,0.0,270.0,0.0,0.0,0.4,168.159716674384
6.3024,IGG3,384763.02,345.6,5.0,0.0,0.0,270.0,0.0,0.0,15.0,0.0,0.4,161.532864894672
6.6534,DOPPELMAB,530229.96,172.8,4.5,0.0,15.0,270.0,0.0,0.0,0.0,0.0,0.4,132.050933334152
6.6534,DOPPELMAB,530229.96,34.56,4.5,0.0,15.0,0.0,0.0,0.0,0.0,135.0,0.4,129.92239999999998
5.772,KNOB_HOLE,421360.71,172.8,4.5,0.0,15.0,0.0,0.4,270.0,0.0,0.0,0.0,151.551573334152
6.3024,IGG3,384763.02,518.4,4.5,0.0,15.0,135.0,0.0,135.0,0.0,0.0,0.4,158.165055239304
5.7642,NANO_MB,241517.52,414.72,6.5,0.0,0.0,0.0,0.4,135.0,15.0,67.5,0.0,160.81888
6.232200000000001,IGG4,455066.79,518.4,5.5,0.0,15.0,0.0,0.0,270.0,0.0,0.0,0.4,162.34644798436
,IGG3,386148.75,172.8,5.5,0.0,15.0,0.0,0.0,0.0,0.0,135.0,0.4,159.435333334152
6.232200000000001,IGG4,455066.79,518.4,7.0,0.0,0.0,135.0,0.0,135.0,15.0,0.0,0.4,166.431385607768
6.232200000000001,IGG4,455066.79,345.6,4.5,0.0,15.0,0.0,0.0,135.0,0.0,67.5,0.4,147.14602576464
5.9124,KNOB_HOLE,272510.88,103.68,4.5,0.0,15.0,0.0,0.0,0.0,0.0,135.0,0.4,136.118204905352
6.232200000000001,IGG4,455066.79,345.6,6.0,0.0,0.0,135.0,0.0,135.0,15.0,0.0,0.4,168.796357808952
5.772,KNOB_HOLE,421360.71,34.56,5.5,0.0,15.0,135.0,0.4,0.0,0.0,67.5,0.0,153.606426665848
6.6534,DOPPELMAB,530229.96,34.56,4.5,0.0,15.0,0.0,0.0,270.0,0.0,0.0,0.4,132.787733334152
6.232200000000001,IGG4,455066.79,172.8,4.5,0.0,15.0,0.0,0.0,135.0,0.0,67.5,0.4,150.42938654032
6.162000000000001,IGG3,391603.56,518.4,7.0,0.0,0.0,135.0,0.0,135.0,15.0,0.0,0.4,160.7020925336
5.9124,KNOB_HOLE,272510.88,34.56,4.5,0.0,15.0,0.0,0.0,135.0,0.0,67.5,0.4,137.465664573432
6.232200000000001,IGG4,455066.79,518.4,5.0,135.0,0.0,0.0,0.0,0.0,15.0,0.0,0.4,146.9645237052
5.772,KNOB_HOLE,421360.71,34.56,5.0,0.0,15.0,135.0,0.4,135.0,0.0,0.0,0.0,155.56304
5.545800000000001,DOPPELMAB,524743.11,172.8,7.0,0.0,0.0,0.0,0.0,270.0,15.0,0.0,0.4,150.634666665848
5.545800000000001,DOPPELMAB,524743.11,518.4,4.5,0.0,15.0,0.0,0.0,270.0,0.0,0.0,0.4,146.6232
5.9124,KNOB_HOLE,272510.88,34.56,5.0,67.5,0.0,0.0,0.0,0.0,15.0,67.5,0.4,138.760096293608
5.499,IGG3,389595.72,172.8,5.5,0.0,15.0,0.0,0.0,0.0,0.0,135.0,0.4,161.984547537848
5.8422,IGG3,388669.23,172.8,4.5,0.0,15.0,135.0,0.0,135.0,0.0,0.0,0.4,165.256053334152
5.772,KNOB_HOLE,421360.71,172.8,4.5,135.0,15.0,0.0,0.4,0.0,0.0,0.0,0.0,134.482373334152
5.545800000000001,DOPPELMAB,524743.11,345.6,4.5,135.0,15.0,0.0,0.0,0.0,0.0,0.0,0.4,143.512266665848
5.8422,IGG3,388669.23,172.8,5.5,67.5,15.0,0.0,0.0,0.0,0.0,67.5,0.4,180.720666665848
5.772,KNOB_HOLE,421360.71,34.56,7.0,135.0,0.0,0.0,0.4,0.0,15.0,0.0,0.0,154.375973334152
5.9124,KNOB_HOLE,272510.88,172.8,7.0,0.0,0.0,0.0,0.0,135.0,15.0,67.5,0.4,149.58048467984
5.9124,KNOB_HOLE,272510.88,34.56,5.0,0.0,15.0,135.0,0.0,0.0,0.0,67.5,0.4,146.09618159776
6.3024,IGG3,384763.02,518.4,4.5,0.0,15.0,0.0,0.0,270.0,0.0,0.0,0.4,157.470078082624
6.3024,IGG3,384763.02,172.8,7.0,0.0,0.0,0.0,0.0,135.0,15.0,67.5,0.4,172.743148448328
5.7642,NANO_MB,241517.52,172.8,6.5,0.0,0.0,135.0,0.4,0.0,15.0,67.5,0.0,163.88888
,IGG3,386148.75,518.4,7.0,67.5,0.0,0.0,0.0,0.0,15.0,67.5,0.4,161.37148
,IGG3,386148.75,172.8,5.5,135.0,15.0,0.0,0.0,0.0,0.0,0.0,0.4,158.68215999999998
5.982600000000001,IGG3,386626.68,172.8,4.5,0.0,15.0,0.0,0.0,135.0,0.0,67.5,0.4,148.928723336
5.772,KNOB_HOLE,421360.71,172.8,5.5,135.0,15.0,0.0,0.4,0.0,0.0,0.0,0.0,148.75992
5.8422,IGG3,388669.23,172.8,5.0,0.0,0.0,0.0,0.0,0.0,15.0,135.0,0.4,159.67274666584802
6.232200000000001,IGG4,455066.79,172.8,5.0,67.5,0.0,0.0,0.0,0.0,15.0,67.5,0.4,148.22190746112
5.9124,KNOB_HOLE,272510.88,103.68,5.0,135.0,0.0,0.0,0.0,0.0,15.0,0.0,0.4,141.18214029336
5.9124,KNOB_HOLE,272510.88,34.56,7.0,0.0,0.0,270.0,0.0,0.0,15.0,0.0,0.4,150.930504047608
5.7642,NANO_MB,241517.52,172.8,4.5,0.0,15.0,270.0,0.4,0.0,0.0,0.0,0.0,158.43656
5.772,KNOB_HOLE,421360.71,103.68,5.0,0.0,15.0,135.0,0.4,135.0,0.0,0.0,0.0,154.58064
5.499,IGG3,389595.72,172.8,5.0,67.5,15.0,0.0,0.0,0.0,0.0,67.5,0.4,154.027472312792
5.982600000000001,IGG3,386626.68,172.8,7.0,0.0,0.0,270.0,0.0,0.0,15.0,0.0,0.4,174.30006509728
5.9124,KNOB_HOLE,272510.88,34.56,7.0,0.0,0.0,0.0,0.0,0.0,15.0,135.0,0.4,149.34098527823198
6.162000000000001,IGG3,391603.56,345.6,4.5,67.5,15.0,0.0,0.0,0.0,0.0,67.5,0.4,141.553616327752
5.7642,NANO_MB,241517.52,414.72,6.5,0.0,0.0,135.0,0.4,135.0,15.0,0.0,0.0,162.97197333415198
5.499,IGG3,389595.72,172.8,7.0,0.0,0.0,135.0,0.0,0.0,15.0,67.5,0.4,172.31686225244
6.411600000000001,IGG4,404683.89,172.8,7.0,0.0,0.0,0.0,0.0,0.0,15.0,135.0,0.4,166.205706665848
5.499,IGG3,389595.72,518.4,7.0,0.0,0.0,135.0,0.0,135.0,15.0,0.0,0.4,176.05184684272805
5.8422,IGG3,388669.23,172.8,7.0,67.5,0.0,0.0,0.0,0.0,15.0,67.5,0.4,174.637973334152
5.8422,IGG3,388669.23,172.8,4.5,0.0,15.0,270.0,0.0,0.0,0.0,0.0,0.4,164.50288
6.3024,IGG3,384763.02,172.8,5.5,0.0,15.0,0.0,0.0,135.0,0.0,67.5,0.4,166.7624
5.9124,KNOB_HOLE,272510.88,172.8,5.0,0.0,15.0,0.0,0.0,0.0,0.0,135.0,0.4,142.223574404
6.3024,IGG3,384763.02,518.4,5.0,135.0,15.0,0.0,0.0,0.0,0.0,0.0,0.4,156.881902964376
6.232200000000001,IGG4,455066.79,172.8,7.0,0.0,0.0,270.0,0.0,0.0,15.0,0.0,0.4,173.862790376712
6.162000000000001,IGG3,391603.56,518.4,4.5,0.0,15.0,0.0,0.0,270.0,0.0,0.0,0.4,149.98844705759998
6.162000000000001,IGG3,391603.56,172.8,5.5,0.0,15.0,0.0,0.0,135.0,0.0,67.5,0.4,155.766433819288
5.9124,KNOB_HOLE,272510.88,103.68,5.0,0.0,15.0,135.0,0.0,0.0,0.0,67.5,0.4,146.183041738952
6.232200000000001,IGG4,455066.79,172.8,5.0,0.0,15.0,135.0,0.0,0.0,0.0,67.5,0.4,159.88500549327202
6.411600000000001,IGG4,404683.89,172.8,7.0,0.0,0.0,0.0,0.0,135.0,15.0,67.5,0.4,168.858186665848
5.982600000000001,IGG3,386626.68,518.4,7.0,135.0,0.0,0.0,0.0,0.0,15.0,0.0,0.4,163.73753371552
5.772,KNOB_HOLE,421360.71,34.56,7.0,67.5,0.0,0.0,0.4,0.0,15.0,67.5,0.0,153.983013334152
5.499,IGG3,389595.72,172.8,5.0,135.0,0.0,0.0,0.0,0.0,15.0,0.0,0.4,155.47690761336
5.772,KNOB_HOLE,421360.71,172.8,4.5,67.5,15.0,0.0,0.4,0.0,0.0,67.5,0.0,137.789786665848
5.9124,KNOB_HOLE,272510.88,103.68,6.0,0.0,0.0,135.0,0.0,135.0,15.0,0.0,0.4,153.77444153743198
5.545800000000001,DOPPELMAB,524743.11,345.6,5.0,0.0,0.0,0.0,0.0,0.0,15.0,135.0,0.4,144.576533334152
6.411600000000001,IGG4,404683.89,103.68,5.0,0.0,15.0,135.0,0.0,135.0,0.0,0.0,0.4,171.82175999999998
,IGG3,386148.75,518.4,5.5,0.0,15.0,270.0,0.0,0.0,0.0,0.0,0.4,164.65842666584803
6.411600000000001,IGG4,404683.89,34.56,4.5,0.0,15.0,270.0,0.0,0.0,0.0,0.0,0.4,168.817253334152
5.7642,NANO_MB,241517.52,414.72,6.5,0.0,0.0,270.0,0.4,0.0,15.0,0.0,0.0,163.782453334152
5.8422,IGG3,388669.23,518.4,5.0,135.0,15.0,0.0,0.0,0.0,0.0,0.0,0.4,166.29575999999997
5.772,KNOB_HOLE,421360.71,172.8,5.0,0.0,0.0,270.0,0.4,0.0,15.0,0.0,0.0,152.402986665848
5.499,IGG3,389595.72,518.4,5.5,0.0,15.0,270.0,0.0,0.0,0.0,0.0,0.4,172.3934964152
5.7642,NANO_MB,241517.52,414.72,5.5,135.0,15.0,0.0,0.4,0.0,0.0,0.0,0.0,156.242533334152
5.499,IGG3,389595.72,172.8,5.0,0.0,15.0,0.0,0.0,135.0,0.0,67.5,0.4,159.0752080476
5.982600000000001,IGG3,386626.68,518.4,4.5,0.0,15.0,135.0,0.0,0.0,0.0,67.5,0.4,152.80308057712
,IGG3,386148.75,518.4,7.0,0.0,0.0,270.0,0.0,0.0,15.0,0.0,0.4,167.581066665848
5.8422,IGG3,388669.23,172.8,5.5,0.0,15.0,0.0,0.0,270.0,0.0,0.0,0.4,181.809493334152
,IGG3,386148.75,172.8,7.0,0.0,0.0,135.0,0.0,0.0,15.0,67.5,0.4,170.020693334152
6.6534,DOPPELMAB,530229.96,34.56,5.5,135.0,15.0,0.0,0.0,0.0,0.0,0.0,0.4,135.734933334152
6.232200000000001,IGG4,455066.79,518.4,5.0,0.0,0.0,135.0,0.0,0.0,15.0,67.5,0.4,152.560541335192
5.9124,KNOB_HOLE,272510.88,34.56,4.5,135.0,15.0,0.0,0.0,0.0,0.0,0.0,0.4,134.164702529912
5.9124,KNOB_HOLE,272510.88,34.56,4.5,0.0,15.0,135.0,0.0,135.0,0.0,0.0,0.4,150.789472064232
5.9124,KNOB_HOLE,272510.88,172.8,6.0,0.0,0.0,0.0,0.0,0.0,15.0,135.0,0.4,145.663227266088
,IGG3,386148.75,518.4,7.0,135.0,0.0,0.0,0.0,0.0,15.0,0.0,0.4,162.079626665848
6.162000000000001,IGG3,391603.56,172.8,7.0,0.0,0.0,0.0,0.0,135.0,15.0,67.5,0.4,162.044927398952
5.772,KNOB_HOLE,421360.71,103.68,4.5,0.0,15.0,270.0,0.4,0.0,0.0,0.0,0.0,152.771386665848
6.232200000000001,IGG4,455066.79,172.8,5.0,0.0,0.0,270.0,0.0,0.0,15.0,0.0,0.4,157.353448618072
6.6534,DOPPELMAB,530229.96,172.8,5.0,0.0,0.0,0.0,0.0,0.0,15.0,135.0,0.4,132.050933334152
6.162000000000001,IGG3,391603.56,518.4,7.0,135.0,0.0,0.0,0.0,0.0,15.0,0.0,0.4,155.475214341352
5.545800000000001,DOPPELMAB,524743.11,518.4,5.5,67.5,15.0,0.0,0.0,0.0,0.0,67.5,0.4,146.459466665848
6.232200000000001,IGG4,455066.79,518.4,5.0,0.0,0.0,0.0,0.0,270.0,15.0,0.0,0.4,155.58712916023998
5.772,KNOB_HOLE,421360.71,103.68,5.0,0.0,15.0,0.0,0.4,270.0,0.0,0.0,0.0,154.06488
5.499,IGG3,389595.72,345.6,5.0,0.0,15.0,135.0,0.0,135.0,0.0,0.0,0.4,167.965281832248
6.162000000000001,IGG3,391603.56,172.8,5.5,0.0,15.0,0.0,0.0,0.0,0.0,135.0,0.4,152.02097255927998
6.411600000000001,IGG4,404683.89,34.56,5.0,0.0,0.0,270.0,0.0,0.0,15.0,0.0,0.4,167.57288
6.3024,IGG3,384763.02,172.8,5.0,0.0,0.0,0.0,0.0,135.0,15.0,67.5,0.4,154.9736
5.8422,IGG3,388669.23,172.8,4.5,0.0,15.0,0.0,0.0,135.0,0.0,67.5,0.4,155.088213334152
5.982600000000001,IGG3,386626.68,518.4,5.5,67.5,15.0,0.0,0.0,0.0,0.0,67.5,0.4,159.1311190104
5.545800000000001,DOPPELMAB,524743.11,172.8,5.5,0.0,15.0,0.0,0.0,0.0,0.0,135.0,0.4,146.950666665848
6.162000000000001,IGG3,391603.56,172.8,5.0,67.5,0.0,0.0,0.0,0.0,15.0,67.5,0.4,145.24259211744
6.3024,IGG3,384763.02,518.4,5.0,0.0,15.0,0.0,0.0,0.0,0.0,135.0,0.4,155.567627911152
6.6534,DOPPELMAB,530229.96,103.68,4.5,67.5,15.0,0.0,0.0,0.0,0.0,67.5,0.4,130.495466665848
5.545800000000001,DOPPELMAB,524743.11,172.8,4.5,0.0,15.0,0.0,0.0,270.0,0.0,0.0,0.4,147.441866665848
6.232200000000001,IGG4,455066.79,518.4,5.0,0.0,0.0,0.0,0.0,135.0,15.0,67.5,0.4,151.51780277664
6.6534,DOPPELMAB,530229.96,172.8,4.5,0.0,15.0,135.0,0.0,0.0,0.0,67.5,0.4,131.6416
,IGG3,386148.75,172.8,5.5,0.0,15.0,270.0,0.0,0.0,0.0,0.0,0.4,170.405466665848
5.7642,NANO_MB,241517.52,172.8,6.5,0.0,0.0,0.0,0.4,135.0,15.0,67.5,0.0,163.16026666584798
5.982600000000001,IGG3,386626.68,518.4,7.0,0.0,0.0,135.0,0.0,0.0,15.0,67.5,0.4,164.43114124695998
5.7642,NANO_MB,241517.52,293.76,5.5,0.0,0.0,0.0,0.4,135.0,15.0,67.5,0.0,156.79922666584798
,IGG3,386148.75,172.8,7.0,0.0,0.0,0.0,0.0,135.0,15.0,67.5,0.4,169.701413334152
6.232200000000001,IGG4,455066.79,172.8,6.0,67.5,0.0,0.0,0.0,0.0,15.0,67.5,0.4,161.652590952792
5.9124,KNOB_HOLE,272510.88,172.8,4.5,0.0,15.0,0.0,0.0,270.0,0.0,0.0,0.4,149.8777545236
5.8422,IGG3,388669.23,518.4,7.0,67.5,0.0,0.0,0.0,0.0,15.0,67.5,0.4,172.787786665848
5.545800000000001,DOPPELMAB,524743.11,172.8,6.0,0.0,0.0,0.0,0.0,135.0,15.0,67.5,0.4,149.406666665848
5.772,KNOB_HOLE,421360.71,34.56,5.5,0.0,15.0,0.0,0.4,270.0,0.0,0.0,0.0,156.136106665848
5.499,IGG3,389595.72,345.6,7.0,0.0,0.0,0.0,0.0,270.0,15.0,0.0,0.4,175.89171349864
6.162000000000001,IGG3,391603.56,172.8,5.0,0.0,0.0,0.0,0.0,0.0,15.0,135.0,0.4,144.25539044096
5.8422,IGG3,388669.23,518.4,5.5,135.0,15.0,0.0,0.0,0.0,0.0,0.0,0.4,170.749306665848
6.6534,DOPPELMAB,530229.96,172.8,5.5,67.5,15.0,0.0,0.0,0.0,0.0,67.5,0.4,133.19706666584798
5.499,IGG3,389595.72,518.4,5.0,0.0,0.0,135.0,0.0,0.0,15.0,67.5,0.4,163.741930341112
5.7642,NANO_MB,241517.52,172.8,6.5,67.5,0.0,0.0,0.4,0.0,15.0,67.5,0.0,161.1136
5.8422,IGG3,388669.23,172.8,4.5,67.5,15.0,0.0,0.0,0.0,0.0,67.5,0.4,150.20077333415202
5.772,KNOB_HOLE,421360.71,172.8,5.5,0.0,15.0,0.0,0.4,270.0,0.0,0.0,0.0,154.318666665848
6.411600000000001,IGG4,404683.89,103.68,5.0,0.0,0.0,270.0,0.0,0.0,15.0,0.0,0.4,168.047706665848
5.772,KNOB_HOLE,421360.71,34.56,7.0,0.0,0.0,270.0,0.4,0.0,15.0,0.0,0.0,156.381706665848
5.982600000000001,IGG3,386626.68,172.8,7.0,0.0,0.0,0.0,0.0,135.0,15.0,67.5,0.4,169.02340890088
5.545800000000001,DOPPELMAB,524743.11,345.6,4.5,0.0,15.0,270.0,0.0,0.0,0.0,0.0,0.4,147.933066665848
6.6534,DOPPELMAB,530229.96,34.56,5.0,0.0,15.0,0.0,0.0,135.0,0.0,67.5,0.4,133.52453333415198
6.162000000000001,IGG3,391603.56,518.4,6.0,135.0,0.0,0.0,0.0,0.0,15.0,0.0,0.4,155.089743093048
6.411600000000001,IGG4,404683.89,103.68,4.5,0.0,15.0,0.0,0.0,0.0,0.0,135.0,0.4,156.881093334152
5.8422,IGG3,388669.23,518.4,5.0,0.0,0.0,0.0,0.0,135.0,15.0,67.5,0.4,180.95808
5.982600000000001,IGG3,386626.68,172.8,5.0,0.0,0.0,135.0,0.0,0.0,15.0,67.5,0.4,154.99944502832
5.9124,KNOB_HOLE,272510.88,34.56,5.0,0.0,0.0,270.0,0.0,0.0,15.0,0.0,0.4,148.626031471912
5.9124,KNOB_HOLE,272510.88,172.8,5.5,0.0,15.0,135.0,0.0,135.0,0.0,0.0,0.4,152.97918928512
6.6534,DOPPELMAB,530229.96,34.56,5.5,0.0,15.0,0.0,0.0,270.0,0.0,0.0,0.4,133.933866665848
5.545800000000001,DOPPELMAB,524743.11,172.8,7.0,0.0,0.0,0.0,0.0,0.0,15.0,135.0,0.4,149.16106666584798
6.6534,DOPPELMAB,530229.96,34.56,5.5,67.5,15.0,0.0,0.0,0.0,0.0,67.5,0.4,134.91626666584798
